<?xml version="1.0" encoding="UTF-8"?>
<GenRun Id="synth_1" LaunchPart="xc7a100tcsg324-1" LaunchTime="1634300598">
  <File Type="PA-TCL" Name="BCD_2_to_5_converter.tcl"/>
  <File Type="RDS-PROPCONSTRS" Name="BCD_2_to_5_converter_drc_synth.rpt"/>
  <File Type="REPORTS-TCL" Name="BCD_2_to_5_converter_reports.tcl"/>
  <File Type="RDS-RDS" Name="BCD_2_to_5_converter.vds"/>
  <File Type="RDS-UTIL" Name="BCD_2_to_5_converter_utilization_synth.rpt"/>
  <File Type="RDS-UTIL-PB" Name="BCD_2_to_5_converter_utilization_synth.pb"/>
  <File Type="RDS-DCP" Name="BCD_2_to_5_converter.dcp"/>
  <File Type="VDS-TIMINGSUMMARY" Name="BCD_2_to_5_converter_timing_summary_synth.rpt"/>
  <File Type="VDS-TIMING-PB" Name="BCD_2_to_5_converter_timing_summary_synth.pb"/>
  <FileSet Name="sources" Type="DesignSrcs" RelSrcDir="$PSRCDIR/sources_1" RelGenDir="$PGENDIR/sources_1">
    <Filter Type="Srcs"/>
    <File Path="$PSRCDIR/sources_1/new/BCD_2_to_5_converter.v">
      <FileInfo>
        <Attr Name="UsedIn" Val="synthesis"/>
        <Attr Name="UsedIn" Val="implementation"/>
        <Attr Name="UsedIn" Val="simulation"/>
      </FileInfo>
    </File>
    <Config>
      <Option Name="DesignMode" Val="RTL"/>
      <Option Name="TopModule" Val="BCD_2_to_5_converter"/>
      <Option Name="TopAutoSet" Val="TRUE"/>
    </Config>
  </FileSet>
  <FileSet Name="constrs_in" Type="Constrs" RelSrcDir="$PSRCDIR/constrs_1">
    <Filter Type="Constrs"/>
    <File Path="$PSRCDIR/constrs_1/imports/lab4/Nexys4DDR_Master.xdc">
      <FileInfo>
        <Attr Name="ImportPath" Val="$PPRDIR/../../Nexys4DDR_Master.xdc"/>
        <Attr Name="ImportTime" Val="1633681962"/>
        <Attr Name="UsedIn" Val="synthesis"/>
        <Attr Name="UsedIn" Val="implementation"/>
      </FileInfo>
    </File>
    <Config>
      <Option Name="ConstrsType" Val="XDC"/>
    </Config>
  </FileSet>
  <FileSet Name="utils" Type="Utils" RelSrcDir="$PSRCDIR/utils_1">
    <Filter Type="Utils"/>
    <Config>
      <Option Name="TopAutoSet" Val="TRUE"/>
    </Config>
  </FileSet>
  <Strategy Version="1" Minor="2">
    <StratHandle Name="Vivado Synthesis Defaults" Flow="Vivado Synthesis 2021"/>
    <Step Id="synth_design"/>
  </Strategy>
</GenRun>
