<?xml version="1.0" encoding="UTF-8"?>
<GenRun Id="impl_1" LaunchPart="xc7a100tcsg324-1" LaunchTime="1634300863">
  <File Type="ROUTE-PWR" Name="priority_encoder_power_routed.rpt"/>
  <File Type="PA-TCL" Name="priority_encoder.tcl"/>
  <File Type="BITSTR-MMI" Name="priority_encoder.mmi"/>
  <File Type="OPT-METHODOLOGY-DRC" Name="priority_encoder_methodology_drc_opted.rpt"/>
  <File Type="INIT-TIMING" Name="priority_encoder_timing_summary_init.rpt"/>
  <File Type="ROUTE-PWR-SUM" Name="priority_encoder_power_summary_routed.pb"/>
  <File Type="REPORTS-TCL" Name="priority_encoder_reports.tcl"/>
  <File Type="OPT-TIMING" Name="priority_encoder_timing_summary_opted.rpt"/>
  <File Type="OPT-DCP" Name="priority_encoder_opt.dcp"/>
  <File Type="OPT-DRC" Name="priority_encoder_drc_opted.rpt"/>
  <File Type="OPT-HWDEF" Name="priority_encoder.hwdef"/>
  <File Type="PWROPT-DCP" Name="priority_encoder_pwropt.dcp"/>
  <File Type="PWROPT-DRC" Name="priority_encoder_drc_pwropted.rpt"/>
  <File Type="PWROPT-TIMING" Name="priority_encoder_timing_summary_pwropted.rpt"/>
  <File Type="PLACE-DCP" Name="priority_encoder_placed.dcp"/>
  <File Type="PLACE-IO" Name="priority_encoder_io_placed.rpt"/>
  <File Type="PLACE-CLK" Name="priority_encoder_clock_utilization_placed.rpt"/>
  <File Type="PLACE-UTIL" Name="priority_encoder_utilization_placed.rpt"/>
  <File Type="PLACE-UTIL-PB" Name="priority_encoder_utilization_placed.pb"/>
  <File Type="PLACE-CTRL" Name="priority_encoder_control_sets_placed.rpt"/>
  <File Type="PLACE-SIMILARITY" Name="priority_encoder_incremental_reuse_placed.rpt"/>
  <File Type="PLACE-PRE-SIMILARITY" Name="priority_encoder_incremental_reuse_pre_placed.rpt"/>
  <File Type="BG-BIN" Name="priority_encoder.bin"/>
  <File Type="PLACE-TIMING" Name="priority_encoder_timing_summary_placed.rpt"/>
  <File Type="POSTPLACE-PWROPT-DCP" Name="priority_encoder_postplace_pwropt.dcp"/>
  <File Type="BITSTR-MSK" Name="priority_encoder.msk"/>
  <File Type="POSTPLACE-PWROPT-TIMING" Name="priority_encoder_timing_summary_postplace_pwropted.rpt"/>
  <File Type="PHYSOPT-DCP" Name="priority_encoder_physopt.dcp"/>
  <File Type="PHYSOPT-DRC" Name="priority_encoder_drc_physopted.rpt"/>
  <File Type="BITSTR-RBT" Name="priority_encoder.rbt"/>
  <File Type="PHYSOPT-TIMING" Name="priority_encoder_timing_summary_physopted.rpt"/>
  <File Type="ROUTE-ERROR-DCP" Name="priority_encoder_routed_error.dcp"/>
  <File Type="ROUTE-DCP" Name="priority_encoder_routed.dcp"/>
  <File Type="ROUTE-BLACKBOX-DCP" Name="priority_encoder_routed_bb.dcp"/>
  <File Type="ROUTE-DRC" Name="priority_encoder_drc_routed.rpt"/>
  <File Type="ROUTE-DRC-PB" Name="priority_encoder_drc_routed.pb"/>
  <File Type="ROUTE-DRC-RPX" Name="priority_encoder_drc_routed.rpx"/>
  <File Type="ROUTE-METHODOLOGY-DRC" Name="priority_encoder_methodology_drc_routed.rpt"/>
  <File Type="ROUTE-METHODOLOGY-DRC-RPX" Name="priority_encoder_methodology_drc_routed.rpx"/>
  <File Type="ROUTE-METHODOLOGY-DRC-PB" Name="priority_encoder_methodology_drc_routed.pb"/>
  <File Type="ROUTE-PWR-RPX" Name="priority_encoder_power_routed.rpx"/>
  <File Type="ROUTE-STATUS" Name="priority_encoder_route_status.rpt"/>
  <File Type="ROUTE-STATUS-PB" Name="priority_encoder_route_status.pb"/>
  <File Type="ROUTE-TIMINGSUMMARY" Name="priority_encoder_timing_summary_routed.rpt"/>
  <File Type="ROUTE-TIMING-PB" Name="priority_encoder_timing_summary_routed.pb"/>
  <File Type="ROUTE-TIMING-RPX" Name="priority_encoder_timing_summary_routed.rpx"/>
  <File Type="ROUTE-SIMILARITY" Name="priority_encoder_incremental_reuse_routed.rpt"/>
  <File Type="ROUTE-CLK" Name="priority_encoder_clock_utilization_routed.rpt"/>
  <File Type="ROUTE-BUS-SKEW" Name="priority_encoder_bus_skew_routed.rpt"/>
  <File Type="ROUTE-BUS-SKEW-PB" Name="priority_encoder_bus_skew_routed.pb"/>
  <File Type="ROUTE-BUS-SKEW-RPX" Name="priority_encoder_bus_skew_routed.rpx"/>
  <File Type="POSTROUTE-PHYSOPT-DCP" Name="priority_encoder_postroute_physopt.dcp"/>
  <File Type="POSTROUTE-PHYSOPT-BLACKBOX-DCP" Name="priority_encoder_postroute_physopt_bb.dcp"/>
  <File Type="POSTROUTE-PHYSOPT-TIMING" Name="priority_encoder_timing_summary_postroute_physopted.rpt"/>
  <File Type="POSTROUTE-PHYSOPT-TIMING-PB" Name="priority_encoder_timing_summary_postroute_physopted.pb"/>
  <File Type="POSTROUTE-PHYSOPT-TIMING-RPX" Name="priority_encoder_timing_summary_postroute_physopted.rpx"/>
  <File Type="POSTROUTE-PHYSOPT-BUS-SKEW" Name="priority_encoder_bus_skew_postroute_physopted.rpt"/>
  <File Type="BG-BIT" Name="priority_encoder.bit"/>
  <File Type="POSTROUTE-PHYSOPT-BUS-SKEW-PB" Name="priority_encoder_bus_skew_postroute_physopted.pb"/>
  <File Type="POSTROUTE-PHYSOPT-BUS-SKEW-RPX" Name="priority_encoder_bus_skew_postroute_physopted.rpx"/>
  <File Type="BITSTR-NKY" Name="priority_encoder.nky"/>
  <File Type="BITSTR-BMM" Name="priority_encoder_bd.bmm"/>
  <File Type="PDI-FILE" Name="priority_encoder.pdi"/>
  <File Type="RCFI_FILE" Name="priority_encoder.rcfi"/>
  <File Type="CFI_FILE" Name="priority_encoder.cfi"/>
  <File Type="RNPI_FILE" Name="priority_encoder.rnpi"/>
  <File Type="NPI_FILE" Name="priority_encoder.npi"/>
  <File Type="RBD_FILE" Name="priority_encoder.rbd"/>
  <File Type="BITSTR-LTX" Name="debug_nets.ltx"/>
  <File Type="BITSTR-LTX" Name="priority_encoder.ltx"/>
  <File Type="BITSTR-SYSDEF" Name="priority_encoder.sysdef"/>
  <File Type="BG-BGN" Name="priority_encoder.bgn"/>
  <File Type="BG-DRC" Name="priority_encoder.drc"/>
  <File Type="RDI-RDI" Name="priority_encoder.vdi"/>
  <File Type="WBT-USG" Name="usage_statistics_webtalk.html"/>
  <FileSet Name="sources" Type="DesignSrcs" RelSrcDir="$PSRCDIR/sources_1" RelGenDir="$PGENDIR/sources_1">
    <Filter Type="Srcs"/>
    <File Path="$PSRCDIR/sources_1/new/priority_encoder.v">
      <FileInfo>
        <Attr Name="UsedIn" Val="synthesis"/>
        <Attr Name="UsedIn" Val="implementation"/>
        <Attr Name="UsedIn" Val="simulation"/>
      </FileInfo>
    </File>
    <Config>
      <Option Name="DesignMode" Val="RTL"/>
      <Option Name="TopModule" Val="priority_encoder"/>
      <Option Name="TopAutoSet" Val="TRUE"/>
    </Config>
  </FileSet>
  <FileSet Name="constrs_in" Type="Constrs" RelSrcDir="$PSRCDIR/constrs_1">
    <Filter Type="Constrs"/>
    <File Path="$PSRCDIR/constrs_1/imports/lab3/Nexys4DDR_Master.xdc">
      <FileInfo>
        <Attr Name="ImportPath" Val="$PPRDIR/../../Nexys4DDR_Master.xdc"/>
        <Attr Name="ImportTime" Val="1633681962"/>
        <Attr Name="UsedIn" Val="synthesis"/>
        <Attr Name="UsedIn" Val="implementation"/>
      </FileInfo>
    </File>
    <Config>
      <Option Name="ConstrsType" Val="XDC"/>
    </Config>
  </FileSet>
  <FileSet Name="utils" Type="Utils" RelSrcDir="$PSRCDIR/utils_1">
    <Filter Type="Utils"/>
    <Config>
      <Option Name="TopAutoSet" Val="TRUE"/>
    </Config>
  </FileSet>
  <Strategy Version="1" Minor="2">
    <StratHandle Name="Vivado Implementation Defaults" Flow="Vivado Implementation 2021"/>
    <Step Id="init_design"/>
    <Step Id="opt_design"/>
    <Step Id="power_opt_design"/>
    <Step Id="place_design"/>
    <Step Id="post_place_power_opt_design"/>
    <Step Id="phys_opt_design"/>
    <Step Id="route_design"/>
    <Step Id="post_route_phys_opt_design"/>
    <Step Id="write_bitstream"/>
  </Strategy>
</GenRun>
