<?xml version="1.0" encoding="UTF-8"?>
<GenRun Id="impl_1" LaunchPart="xc7a100tcsg324-1" LaunchTime="1634149824">
  <File Type="ROUTE-PWR" Name="bcd_to_7segment_decoder_power_routed.rpt"/>
  <File Type="PA-TCL" Name="bcd_to_7segment_decoder.tcl"/>
  <File Type="BITSTR-MMI" Name="bcd_to_7segment_decoder.mmi"/>
  <File Type="OPT-METHODOLOGY-DRC" Name="bcd_to_7segment_decoder_methodology_drc_opted.rpt"/>
  <File Type="INIT-TIMING" Name="bcd_to_7segment_decoder_timing_summary_init.rpt"/>
  <File Type="ROUTE-PWR-SUM" Name="bcd_to_7segment_decoder_power_summary_routed.pb"/>
  <File Type="REPORTS-TCL" Name="bcd_to_7segment_decoder_reports.tcl"/>
  <File Type="OPT-TIMING" Name="bcd_to_7segment_decoder_timing_summary_opted.rpt"/>
  <File Type="OPT-DCP" Name="bcd_to_7segment_decoder_opt.dcp"/>
  <File Type="OPT-DRC" Name="bcd_to_7segment_decoder_drc_opted.rpt"/>
  <File Type="OPT-HWDEF" Name="bcd_to_7segment_decoder.hwdef"/>
  <File Type="PWROPT-DCP" Name="bcd_to_7segment_decoder_pwropt.dcp"/>
  <File Type="PWROPT-DRC" Name="bcd_to_7segment_decoder_drc_pwropted.rpt"/>
  <File Type="PWROPT-TIMING" Name="bcd_to_7segment_decoder_timing_summary_pwropted.rpt"/>
  <File Type="PLACE-DCP" Name="bcd_to_7segment_decoder_placed.dcp"/>
  <File Type="PLACE-IO" Name="bcd_to_7segment_decoder_io_placed.rpt"/>
  <File Type="PLACE-CLK" Name="bcd_to_7segment_decoder_clock_utilization_placed.rpt"/>
  <File Type="PLACE-UTIL" Name="bcd_to_7segment_decoder_utilization_placed.rpt"/>
  <File Type="PLACE-UTIL-PB" Name="bcd_to_7segment_decoder_utilization_placed.pb"/>
  <File Type="PLACE-CTRL" Name="bcd_to_7segment_decoder_control_sets_placed.rpt"/>
  <File Type="PLACE-SIMILARITY" Name="bcd_to_7segment_decoder_incremental_reuse_placed.rpt"/>
  <File Type="PLACE-PRE-SIMILARITY" Name="bcd_to_7segment_decoder_incremental_reuse_pre_placed.rpt"/>
  <File Type="BG-BIN" Name="bcd_to_7segment_decoder.bin"/>
  <File Type="PLACE-TIMING" Name="bcd_to_7segment_decoder_timing_summary_placed.rpt"/>
  <File Type="POSTPLACE-PWROPT-DCP" Name="bcd_to_7segment_decoder_postplace_pwropt.dcp"/>
  <File Type="BITSTR-MSK" Name="bcd_to_7segment_decoder.msk"/>
  <File Type="POSTPLACE-PWROPT-TIMING" Name="bcd_to_7segment_decoder_timing_summary_postplace_pwropted.rpt"/>
  <File Type="PHYSOPT-DCP" Name="bcd_to_7segment_decoder_physopt.dcp"/>
  <File Type="PHYSOPT-DRC" Name="bcd_to_7segment_decoder_drc_physopted.rpt"/>
  <File Type="BITSTR-RBT" Name="bcd_to_7segment_decoder.rbt"/>
  <File Type="PHYSOPT-TIMING" Name="bcd_to_7segment_decoder_timing_summary_physopted.rpt"/>
  <File Type="ROUTE-ERROR-DCP" Name="bcd_to_7segment_decoder_routed_error.dcp"/>
  <File Type="ROUTE-DCP" Name="bcd_to_7segment_decoder_routed.dcp"/>
  <File Type="ROUTE-BLACKBOX-DCP" Name="bcd_to_7segment_decoder_routed_bb.dcp"/>
  <File Type="ROUTE-DRC" Name="bcd_to_7segment_decoder_drc_routed.rpt"/>
  <File Type="ROUTE-DRC-PB" Name="bcd_to_7segment_decoder_drc_routed.pb"/>
  <File Type="ROUTE-DRC-RPX" Name="bcd_to_7segment_decoder_drc_routed.rpx"/>
  <File Type="ROUTE-METHODOLOGY-DRC" Name="bcd_to_7segment_decoder_methodology_drc_routed.rpt"/>
  <File Type="ROUTE-METHODOLOGY-DRC-RPX" Name="bcd_to_7segment_decoder_methodology_drc_routed.rpx"/>
  <File Type="ROUTE-METHODOLOGY-DRC-PB" Name="bcd_to_7segment_decoder_methodology_drc_routed.pb"/>
  <File Type="ROUTE-PWR-RPX" Name="bcd_to_7segment_decoder_power_routed.rpx"/>
  <File Type="ROUTE-STATUS" Name="bcd_to_7segment_decoder_route_status.rpt"/>
  <File Type="ROUTE-STATUS-PB" Name="bcd_to_7segment_decoder_route_status.pb"/>
  <File Type="ROUTE-TIMINGSUMMARY" Name="bcd_to_7segment_decoder_timing_summary_routed.rpt"/>
  <File Type="ROUTE-TIMING-PB" Name="bcd_to_7segment_decoder_timing_summary_routed.pb"/>
  <File Type="ROUTE-TIMING-RPX" Name="bcd_to_7segment_decoder_timing_summary_routed.rpx"/>
  <File Type="ROUTE-SIMILARITY" Name="bcd_to_7segment_decoder_incremental_reuse_routed.rpt"/>
  <File Type="ROUTE-CLK" Name="bcd_to_7segment_decoder_clock_utilization_routed.rpt"/>
  <File Type="ROUTE-BUS-SKEW" Name="bcd_to_7segment_decoder_bus_skew_routed.rpt"/>
  <File Type="ROUTE-BUS-SKEW-PB" Name="bcd_to_7segment_decoder_bus_skew_routed.pb"/>
  <File Type="ROUTE-BUS-SKEW-RPX" Name="bcd_to_7segment_decoder_bus_skew_routed.rpx"/>
  <File Type="POSTROUTE-PHYSOPT-DCP" Name="bcd_to_7segment_decoder_postroute_physopt.dcp"/>
  <File Type="POSTROUTE-PHYSOPT-BLACKBOX-DCP" Name="bcd_to_7segment_decoder_postroute_physopt_bb.dcp"/>
  <File Type="POSTROUTE-PHYSOPT-TIMING" Name="bcd_to_7segment_decoder_timing_summary_postroute_physopted.rpt"/>
  <File Type="POSTROUTE-PHYSOPT-TIMING-PB" Name="bcd_to_7segment_decoder_timing_summary_postroute_physopted.pb"/>
  <File Type="POSTROUTE-PHYSOPT-TIMING-RPX" Name="bcd_to_7segment_decoder_timing_summary_postroute_physopted.rpx"/>
  <File Type="POSTROUTE-PHYSOPT-BUS-SKEW" Name="bcd_to_7segment_decoder_bus_skew_postroute_physopted.rpt"/>
  <File Type="BG-BIT" Name="bcd_to_7segment_decoder.bit"/>
  <File Type="POSTROUTE-PHYSOPT-BUS-SKEW-PB" Name="bcd_to_7segment_decoder_bus_skew_postroute_physopted.pb"/>
  <File Type="POSTROUTE-PHYSOPT-BUS-SKEW-RPX" Name="bcd_to_7segment_decoder_bus_skew_postroute_physopted.rpx"/>
  <File Type="BITSTR-NKY" Name="bcd_to_7segment_decoder.nky"/>
  <File Type="BITSTR-BMM" Name="bcd_to_7segment_decoder_bd.bmm"/>
  <File Type="PDI-FILE" Name="bcd_to_7segment_decoder.pdi"/>
  <File Type="RCFI_FILE" Name="bcd_to_7segment_decoder.rcfi"/>
  <File Type="CFI_FILE" Name="bcd_to_7segment_decoder.cfi"/>
  <File Type="RNPI_FILE" Name="bcd_to_7segment_decoder.rnpi"/>
  <File Type="NPI_FILE" Name="bcd_to_7segment_decoder.npi"/>
  <File Type="RBD_FILE" Name="bcd_to_7segment_decoder.rbd"/>
  <File Type="BITSTR-LTX" Name="debug_nets.ltx"/>
  <File Type="BITSTR-LTX" Name="bcd_to_7segment_decoder.ltx"/>
  <File Type="BITSTR-SYSDEF" Name="bcd_to_7segment_decoder.sysdef"/>
  <File Type="BG-BGN" Name="bcd_to_7segment_decoder.bgn"/>
  <File Type="BG-DRC" Name="bcd_to_7segment_decoder.drc"/>
  <File Type="RDI-RDI" Name="bcd_to_7segment_decoder.vdi"/>
  <File Type="WBT-USG" Name="usage_statistics_webtalk.html"/>
  <FileSet Name="sources" Type="DesignSrcs" RelSrcDir="$PSRCDIR/sources_1" RelGenDir="$PGENDIR/sources_1">
    <Filter Type="Srcs"/>
    <File Path="$PSRCDIR/sources_1/new/bcdto7segment_dataflow.v">
      <FileInfo>
        <Attr Name="UsedIn" Val="synthesis"/>
        <Attr Name="UsedIn" Val="implementation"/>
        <Attr Name="UsedIn" Val="simulation"/>
      </FileInfo>
    </File>
    <File Path="$PSRCDIR/sources_1/new/tb_segment7.v">
      <FileInfo>
        <Attr Name="AutoDisabled" Val="1"/>
        <Attr Name="UsedIn" Val="synthesis"/>
        <Attr Name="UsedIn" Val="implementation"/>
        <Attr Name="UsedIn" Val="simulation"/>
      </FileInfo>
    </File>
    <Config>
      <Option Name="DesignMode" Val="RTL"/>
      <Option Name="TopModule" Val="bcd_to_7segment_decoder"/>
      <Option Name="TopAutoSet" Val="TRUE"/>
    </Config>
  </FileSet>
  <FileSet Name="constrs_in" Type="Constrs" RelSrcDir="$PSRCDIR/constrs_1">
    <Filter Type="Constrs"/>
    <File Path="$PPRDIR/../../Downloads/Nexys4DDR_Master.xdc">
      <FileInfo>
        <Attr Name="UsedIn" Val="synthesis"/>
        <Attr Name="UsedIn" Val="implementation"/>
      </FileInfo>
    </File>
    <Config>
      <Option Name="ConstrsType" Val="XDC"/>
    </Config>
  </FileSet>
  <FileSet Name="utils" Type="Utils" RelSrcDir="$PSRCDIR/utils_1">
    <Filter Type="Utils"/>
    <Config>
      <Option Name="TopAutoSet" Val="TRUE"/>
    </Config>
  </FileSet>
  <Strategy Version="1" Minor="2">
    <StratHandle Name="Vivado Implementation Defaults" Flow="Vivado Implementation 2021"/>
    <Step Id="init_design"/>
    <Step Id="opt_design"/>
    <Step Id="power_opt_design"/>
    <Step Id="place_design"/>
    <Step Id="post_place_power_opt_design"/>
    <Step Id="phys_opt_design"/>
    <Step Id="route_design"/>
    <Step Id="post_route_phys_opt_design"/>
    <Step Id="write_bitstream"/>
  </Strategy>
</GenRun>
