<?xml version="1.0" encoding="UTF-8"?>
<GenRun Id="impl_1" LaunchPart="xc7a100tcsg324-1" LaunchTime="1633687464">
  <File Type="ROUTE-PWR" Name="decoder_74138_dataflow_power_routed.rpt"/>
  <File Type="PA-TCL" Name="decoder_74138_dataflow.tcl"/>
  <File Type="ROUTE-PWR-SUM" Name="decoder_74138_dataflow_power_summary_routed.pb"/>
  <File Type="REPORTS-TCL" Name="decoder_74138_dataflow_reports.tcl"/>
  <File Type="BITSTR-MSK" Name="decoder_74138_dataflow.msk"/>
  <File Type="ROUTE-CLK" Name="decoder_74138_dataflow_clock_utilization_routed.rpt"/>
  <File Type="RDI-RDI" Name="decoder_74138_dataflow.vdi"/>
  <File Type="BG-BIT" Name="decoder_74138_dataflow.bit"/>
  <File Type="BG-DRC" Name="decoder_74138_dataflow.drc"/>
  <File Type="BG-BGN" Name="decoder_74138_dataflow.bgn"/>
  <File Type="BG-BIN" Name="decoder_74138_dataflow.bin"/>
  <File Type="BITSTR-RBT" Name="decoder_74138_dataflow.rbt"/>
  <File Type="BITSTR-NKY" Name="decoder_74138_dataflow.nky"/>
  <File Type="BITSTR-BMM" Name="decoder_74138_dataflow_bd.bmm"/>
  <File Type="BITSTR-MMI" Name="decoder_74138_dataflow.mmi"/>
  <File Type="ROUTE-METHODOLOGY-DRC" Name="decoder_74138_dataflow_methodology_drc_routed.rpt"/>
  <File Type="BITSTR-SYSDEF" Name="decoder_74138_dataflow.sysdef"/>
  <File Type="BITSTR-LTX" Name="debug_nets.ltx"/>
  <File Type="BITSTR-LTX" Name="decoder_74138_dataflow.ltx"/>
  <File Type="WBT-USG" Name="usage_statistics_webtalk.html"/>
  <File Type="OPT-DRC" Name="decoder_74138_dataflow_drc_opted.rpt"/>
  <File Type="OPT-HWDEF" Name="decoder_74138_dataflow.hwdef"/>
  <File Type="PLACE-IO" Name="decoder_74138_dataflow_io_placed.rpt"/>
  <File Type="PLACE-UTIL" Name="decoder_74138_dataflow_utilization_placed.rpt"/>
  <File Type="PLACE-UTIL-PB" Name="decoder_74138_dataflow_utilization_placed.pb"/>
  <File Type="PLACE-CTRL" Name="decoder_74138_dataflow_control_sets_placed.rpt"/>
  <File Type="PLACE-PRE-SIMILARITY" Name="decoder_74138_dataflow_incremental_reuse_pre_placed.rpt"/>
  <File Type="ROUTE-DRC" Name="decoder_74138_dataflow_drc_routed.rpt"/>
  <File Type="ROUTE-DRC-PB" Name="decoder_74138_dataflow_drc_routed.pb"/>
  <File Type="ROUTE-PWR-RPX" Name="decoder_74138_dataflow_power_routed.rpx"/>
  <File Type="ROUTE-STATUS" Name="decoder_74138_dataflow_route_status.rpt"/>
  <File Type="ROUTE-STATUS-PB" Name="decoder_74138_dataflow_route_status.pb"/>
  <File Type="ROUTE-DCP" Name="decoder_74138_dataflow_routed.dcp"/>
  <File Type="ROUTE-ERROR-DCP" Name="decoder_74138_dataflow_routed_error.dcp"/>
  <File Type="ROUTE-BLACKBOX-DCP" Name="decoder_74138_dataflow_routed_bb.dcp"/>
  <File Type="ROUTE-TIMINGSUMMARY" Name="decoder_74138_dataflow_timing_summary_routed.rpt"/>
  <File Type="ROUTE-TIMING-PB" Name="decoder_74138_dataflow_timing_summary_routed.pb"/>
  <File Type="ROUTE-TIMING-RPX" Name="decoder_74138_dataflow_timing_summary_routed.rpx"/>
  <File Type="ROUTE-BUS-SKEW" Name="decoder_74138_dataflow_bus_skew_routed.rpt"/>
  <File Type="ROUTE-BUS-SKEW-PB" Name="decoder_74138_dataflow_bus_skew_routed.pb"/>
  <File Type="ROUTE-BUS-SKEW-RPX" Name="decoder_74138_dataflow_bus_skew_routed.rpx"/>
  <File Type="OPT-DCP" Name="decoder_74138_dataflow_opt.dcp"/>
  <File Type="PLACE-DCP" Name="decoder_74138_dataflow_placed.dcp"/>
  <File Type="PWROPT-DCP" Name="decoder_74138_dataflow_pwropt.dcp"/>
  <File Type="POSTPLACE-PWROPT-DCP" Name="decoder_74138_dataflow_postplace_pwropt.dcp"/>
  <File Type="PHYSOPT-DCP" Name="decoder_74138_dataflow_physopt.dcp"/>
  <File Type="POSTROUTE-PHYSOPT-DCP" Name="decoder_74138_dataflow_postroute_physopt.dcp"/>
  <File Type="POSTROUTE-PHYSOPT-BLACKBOX-DCP" Name="decoder_74138_dataflow_postroute_physopt_bb.dcp"/>
  <File Type="ROUTE-METHODOLOGY-DRC-PB" Name="decoder_74138_dataflow_methodology_drc_routed.pb"/>
  <File Type="ROUTE-DRC-RPX" Name="decoder_74138_dataflow_drc_routed.rpx"/>
  <File Type="ROUTE-METHODOLOGY-DRC-RPX" Name="decoder_74138_dataflow_methodology_drc_routed.rpx"/>
  <File Type="PDI-FILE" Name="decoder_74138_dataflow.pdi"/>
  <File Type="RCFI_FILE" Name="decoder_74138_dataflow.rcfi"/>
  <File Type="CFI_FILE" Name="decoder_74138_dataflow.cfi"/>
  <File Type="RNPI_FILE" Name="decoder_74138_dataflow.rnpi"/>
  <File Type="NPI_FILE" Name="decoder_74138_dataflow.npi"/>
  <File Type="RBD_FILE" Name="decoder_74138_dataflow.rbd"/>
  <FileSet Name="sources" Type="DesignSrcs" RelSrcDir="$PSRCDIR/sources_1" RelGenDir="$PGENDIR/sources_1">
    <Filter Type="Srcs"/>
    <File Path="$PSRCDIR/sources_1/new/decoder_74138_dataflow.v">
      <FileInfo>
        <Attr Name="UsedIn" Val="synthesis"/>
        <Attr Name="UsedIn" Val="implementation"/>
        <Attr Name="UsedIn" Val="simulation"/>
      </FileInfo>
    </File>
    <Config>
      <Option Name="DesignMode" Val="RTL"/>
      <Option Name="TopModule" Val="decoder_74138_dataflow"/>
      <Option Name="TopAutoSet" Val="TRUE"/>
    </Config>
  </FileSet>
  <FileSet Name="constrs_in" Type="Constrs" RelSrcDir="$PSRCDIR/constrs_1">
    <Filter Type="Constrs"/>
    <File Path="$PSRCDIR/constrs_1/imports/lab3_2/Nexys4DDR_Master.xdc">
      <FileInfo>
        <Attr Name="ImportPath" Val="$PPRDIR/../lab3_2/Nexys4DDR_Master.xdc"/>
        <Attr Name="ImportTime" Val="1633684312"/>
        <Attr Name="UsedIn" Val="synthesis"/>
        <Attr Name="UsedIn" Val="implementation"/>
      </FileInfo>
    </File>
    <Config>
      <Option Name="ConstrsType" Val="XDC"/>
    </Config>
  </FileSet>
  <FileSet Name="utils" Type="Utils" RelSrcDir="$PSRCDIR/utils_1">
    <Filter Type="Utils"/>
    <Config>
      <Option Name="TopAutoSet" Val="TRUE"/>
    </Config>
  </FileSet>
  <Strategy Version="1" Minor="2">
    <StratHandle Name="Vivado Implementation Defaults" Flow="Vivado Implementation 2021"/>
    <Step Id="init_design"/>
    <Step Id="opt_design"/>
    <Step Id="power_opt_design"/>
    <Step Id="place_design"/>
    <Step Id="post_place_power_opt_design"/>
    <Step Id="phys_opt_design"/>
    <Step Id="route_design"/>
    <Step Id="post_route_phys_opt_design"/>
    <Step Id="write_bitstream"/>
    <Step Id="write_device_image"/>
  </Strategy>
</GenRun>
