<?xml version="1.0" encoding="UTF-8"?>
<GenRun Id="synth_1" LaunchPart="xc7a100tcsg324-1" LaunchTime="1634149765">
  <File Type="PA-TCL" Name="bcd_to_7segment_decoder.tcl"/>
  <File Type="RDS-PROPCONSTRS" Name="bcd_to_7segment_decoder_drc_synth.rpt"/>
  <File Type="REPORTS-TCL" Name="bcd_to_7segment_decoder_reports.tcl"/>
  <File Type="RDS-RDS" Name="bcd_to_7segment_decoder.vds"/>
  <File Type="RDS-UTIL" Name="bcd_to_7segment_decoder_utilization_synth.rpt"/>
  <File Type="RDS-UTIL-PB" Name="bcd_to_7segment_decoder_utilization_synth.pb"/>
  <File Type="RDS-DCP" Name="bcd_to_7segment_decoder.dcp"/>
  <File Type="VDS-TIMINGSUMMARY" Name="bcd_to_7segment_decoder_timing_summary_synth.rpt"/>
  <File Type="VDS-TIMING-PB" Name="bcd_to_7segment_decoder_timing_summary_synth.pb"/>
  <FileSet Name="sources" Type="DesignSrcs" RelSrcDir="$PSRCDIR/sources_1" RelGenDir="$PGENDIR/sources_1">
    <Filter Type="Srcs"/>
    <File Path="$PSRCDIR/sources_1/new/bcdto7segment_dataflow.v">
      <FileInfo>
        <Attr Name="UsedIn" Val="synthesis"/>
        <Attr Name="UsedIn" Val="implementation"/>
        <Attr Name="UsedIn" Val="simulation"/>
      </FileInfo>
    </File>
    <File Path="$PSRCDIR/sources_1/new/tb_segment7.v">
      <FileInfo>
        <Attr Name="AutoDisabled" Val="1"/>
        <Attr Name="UsedIn" Val="synthesis"/>
        <Attr Name="UsedIn" Val="implementation"/>
        <Attr Name="UsedIn" Val="simulation"/>
      </FileInfo>
    </File>
    <Config>
      <Option Name="DesignMode" Val="RTL"/>
      <Option Name="TopModule" Val="bcd_to_7segment_decoder"/>
      <Option Name="TopAutoSet" Val="TRUE"/>
    </Config>
  </FileSet>
  <FileSet Name="constrs_in" Type="Constrs" RelSrcDir="$PSRCDIR/constrs_1">
    <Filter Type="Constrs"/>
    <File Path="$PPRDIR/../../Downloads/Nexys4DDR_Master.xdc">
      <FileInfo>
        <Attr Name="UsedIn" Val="synthesis"/>
        <Attr Name="UsedIn" Val="implementation"/>
      </FileInfo>
    </File>
    <Config>
      <Option Name="ConstrsType" Val="XDC"/>
    </Config>
  </FileSet>
  <FileSet Name="utils" Type="Utils" RelSrcDir="$PSRCDIR/utils_1">
    <Filter Type="Utils"/>
    <Config>
      <Option Name="TopAutoSet" Val="TRUE"/>
    </Config>
  </FileSet>
  <Strategy Version="1" Minor="2">
    <StratHandle Name="Vivado Synthesis Defaults" Flow="Vivado Synthesis 2021"/>
    <Step Id="synth_design"/>
  </Strategy>
</GenRun>
