<?xml version="1.0" encoding="UTF-8"?>
<GenRun Id="impl_1" LaunchPart="xc7a100tcsg324-1" LaunchTime="1633658066">
  <File Type="OPT-HWDEF" Name="lab2_3.hwdef"/>
  <File Type="ROUTE-BUS-SKEW" Name="lab2_3_bus_skew_routed.rpt"/>
  <File Type="PA-DCP" Name="lab2_3.dcp"/>
  <File Type="ROUTE-PWR" Name="lab2_3_power_routed.rpt"/>
  <File Type="PA-TCL" Name="lab2_3.tcl"/>
  <File Type="BITSTR-MMI" Name="lab2_3.mmi"/>
  <File Type="OPT-METHODOLOGY-DRC" Name="lab2_3_methodology_drc_opted.rpt"/>
  <File Type="INIT-TIMING" Name="lab2_3_timing_summary_init.rpt"/>
  <File Type="ROUTE-PWR-SUM" Name="lab2_3_power_summary_routed.pb"/>
  <File Type="REPORTS-TCL" Name="lab2_3_reports.tcl"/>
  <File Type="OPT-TIMING" Name="lab2_3_timing_summary_opted.rpt"/>
  <File Type="OPT-DCP" Name="lab2_3_opt.dcp"/>
  <File Type="OPT-DRC" Name="lab2_3_drc_opted.rpt"/>
  <File Type="PWROPT-DCP" Name="lab2_3_pwropt.dcp"/>
  <File Type="PWROPT-DRC" Name="lab2_3_drc_pwropted.rpt"/>
  <File Type="PWROPT-TIMING" Name="lab2_3_timing_summary_pwropted.rpt"/>
  <File Type="PLACE-DCP" Name="lab2_3_placed.dcp"/>
  <File Type="PLACE-IO" Name="lab2_3_io_placed.rpt"/>
  <File Type="PLACE-CLK" Name="lab2_3_clock_utilization_placed.rpt"/>
  <File Type="PLACE-UTIL" Name="lab2_3_utilization_placed.rpt"/>
  <File Type="PLACE-UTIL-PB" Name="lab2_3_utilization_placed.pb"/>
  <File Type="PLACE-CTRL" Name="lab2_3_control_sets_placed.rpt"/>
  <File Type="PLACE-SIMILARITY" Name="lab2_3_incremental_reuse_placed.rpt"/>
  <File Type="PLACE-PRE-SIMILARITY" Name="lab2_3_incremental_reuse_pre_placed.rpt"/>
  <File Type="BG-BIN" Name="lab2_3.bin"/>
  <File Type="PLACE-TIMING" Name="lab2_3_timing_summary_placed.rpt"/>
  <File Type="POSTPLACE-PWROPT-DCP" Name="lab2_3_postplace_pwropt.dcp"/>
  <File Type="BITSTR-MSK" Name="lab2_3.msk"/>
  <File Type="POSTPLACE-PWROPT-TIMING" Name="lab2_3_timing_summary_postplace_pwropted.rpt"/>
  <File Type="PHYSOPT-DCP" Name="lab2_3_physopt.dcp"/>
  <File Type="PHYSOPT-DRC" Name="lab2_3_drc_physopted.rpt"/>
  <File Type="BITSTR-RBT" Name="lab2_3.rbt"/>
  <File Type="PHYSOPT-TIMING" Name="lab2_3_timing_summary_physopted.rpt"/>
  <File Type="ROUTE-ERROR-DCP" Name="lab2_3_routed_error.dcp"/>
  <File Type="ROUTE-DCP" Name="lab2_3_routed.dcp"/>
  <File Type="ROUTE-BLACKBOX-DCP" Name="lab2_3_routed_bb.dcp"/>
  <File Type="ROUTE-DRC" Name="lab2_3_drc_routed.rpt"/>
  <File Type="ROUTE-DRC-PB" Name="lab2_3_drc_routed.pb"/>
  <File Type="ROUTE-DRC-RPX" Name="lab2_3_drc_routed.rpx"/>
  <File Type="ROUTE-METHODOLOGY-DRC" Name="lab2_3_methodology_drc_routed.rpt"/>
  <File Type="ROUTE-METHODOLOGY-DRC-RPX" Name="lab2_3_methodology_drc_routed.rpx"/>
  <File Type="ROUTE-METHODOLOGY-DRC-PB" Name="lab2_3_methodology_drc_routed.pb"/>
  <File Type="ROUTE-PWR-RPX" Name="lab2_3_power_routed.rpx"/>
  <File Type="ROUTE-STATUS" Name="lab2_3_route_status.rpt"/>
  <File Type="ROUTE-STATUS-PB" Name="lab2_3_route_status.pb"/>
  <File Type="ROUTE-TIMINGSUMMARY" Name="lab2_3_timing_summary_routed.rpt"/>
  <File Type="ROUTE-TIMING-PB" Name="lab2_3_timing_summary_routed.pb"/>
  <File Type="ROUTE-TIMING-RPX" Name="lab2_3_timing_summary_routed.rpx"/>
  <File Type="ROUTE-SIMILARITY" Name="lab2_3_incremental_reuse_routed.rpt"/>
  <File Type="ROUTE-CLK" Name="lab2_3_clock_utilization_routed.rpt"/>
  <File Type="ROUTE-BUS-SKEW-PB" Name="lab2_3_bus_skew_routed.pb"/>
  <File Type="ROUTE-BUS-SKEW-RPX" Name="lab2_3_bus_skew_routed.rpx"/>
  <File Type="POSTROUTE-PHYSOPT-DCP" Name="lab2_3_postroute_physopt.dcp"/>
  <File Type="POSTROUTE-PHYSOPT-BLACKBOX-DCP" Name="lab2_3_postroute_physopt_bb.dcp"/>
  <File Type="POSTROUTE-PHYSOPT-TIMING" Name="lab2_3_timing_summary_postroute_physopted.rpt"/>
  <File Type="POSTROUTE-PHYSOPT-TIMING-PB" Name="lab2_3_timing_summary_postroute_physopted.pb"/>
  <File Type="POSTROUTE-PHYSOPT-TIMING-RPX" Name="lab2_3_timing_summary_postroute_physopted.rpx"/>
  <File Type="POSTROUTE-PHYSOPT-BUS-SKEW" Name="lab2_3_bus_skew_postroute_physopted.rpt"/>
  <File Type="BG-BIT" Name="lab2_3.bit"/>
  <File Type="POSTROUTE-PHYSOPT-BUS-SKEW-PB" Name="lab2_3_bus_skew_postroute_physopted.pb"/>
  <File Type="POSTROUTE-PHYSOPT-BUS-SKEW-RPX" Name="lab2_3_bus_skew_postroute_physopted.rpx"/>
  <File Type="BITSTR-NKY" Name="lab2_3.nky"/>
  <File Type="BITSTR-BMM" Name="lab2_3_bd.bmm"/>
  <File Type="PDI-FILE" Name="lab2_3.pdi"/>
  <File Type="RCFI_FILE" Name="lab2_3.rcfi"/>
  <File Type="CFI_FILE" Name="lab2_3.cfi"/>
  <File Type="RNPI_FILE" Name="lab2_3.rnpi"/>
  <File Type="NPI_FILE" Name="lab2_3.npi"/>
  <File Type="RBD_FILE" Name="lab2_3.rbd"/>
  <File Type="BITSTR-LTX" Name="debug_nets.ltx"/>
  <File Type="BITSTR-LTX" Name="lab2_3.ltx"/>
  <File Type="BITSTR-SYSDEF" Name="lab2_3.sysdef"/>
  <File Type="BG-BGN" Name="lab2_3.bgn"/>
  <File Type="BG-DRC" Name="lab2_3.drc"/>
  <File Type="RDI-RDI" Name="lab2_3.vdi"/>
  <File Type="WBT-USG" Name="usage_statistics_webtalk.html"/>
  <FileSet Name="sources" Type="DesignSrcs" RelSrcDir="$PSRCDIR/sources_1" RelGenDir="$PGENDIR/sources_1">
    <Filter Type="Srcs"/>
    <File Path="$PSRCDIR/sources_1/new/lab2_3.v">
      <FileInfo>
        <Attr Name="UsedIn" Val="synthesis"/>
        <Attr Name="UsedIn" Val="implementation"/>
        <Attr Name="UsedIn" Val="simulation"/>
      </FileInfo>
    </File>
    <Config>
      <Option Name="DesignMode" Val="RTL"/>
      <Option Name="TopModule" Val="lab2_3"/>
      <Option Name="TopAutoSet" Val="TRUE"/>
    </Config>
  </FileSet>
  <FileSet Name="constrs_in" Type="Constrs" RelSrcDir="$PSRCDIR/constrs_1">
    <Filter Type="Constrs"/>
    <File Path="$PSRCDIR/constrs_1/imports/lab2_3/Nexys4DDR_Master.xdc">
      <FileInfo>
        <Attr Name="ImportPath" Val="$PPRDIR/../Nexys4DDR_Master.xdc"/>
        <Attr Name="ImportTime" Val="1632471118"/>
        <Attr Name="UsedIn" Val="synthesis"/>
        <Attr Name="UsedIn" Val="implementation"/>
      </FileInfo>
    </File>
    <Config>
      <Option Name="ConstrsType" Val="XDC"/>
    </Config>
  </FileSet>
  <FileSet Name="utils" Type="Utils" RelSrcDir="$PSRCDIR/utils_1">
    <Filter Type="Utils"/>
    <Config>
      <Option Name="TopAutoSet" Val="TRUE"/>
    </Config>
  </FileSet>
  <Strategy Version="1" Minor="2">
    <StratHandle Name="Vivado Implementation Defaults" Flow="Vivado Implementation 2021">
      <Desc>Default settings for Implementation.</Desc>
    </StratHandle>
    <Step Id="init_design"/>
    <Step Id="opt_design"/>
    <Step Id="power_opt_design"/>
    <Step Id="place_design"/>
    <Step Id="post_place_power_opt_design"/>
    <Step Id="phys_opt_design"/>
    <Step Id="route_design"/>
    <Step Id="post_route_phys_opt_design"/>
    <Step Id="write_bitstream"/>
  </Strategy>
</GenRun>
