<?xml version="1.0" encoding="UTF-8"?>
<GenRun Id="impl_1" LaunchPart="xc7a100tcsg324-1" LaunchTime="1639146485">
  <File Type="ROUTE-PWR" Name="lab9_2Top_power_routed.rpt"/>
  <File Type="PA-TCL" Name="lab9_2Top.tcl"/>
  <File Type="BITSTR-MMI" Name="lab9_2Top.mmi"/>
  <File Type="OPT-METHODOLOGY-DRC" Name="lab9_2Top_methodology_drc_opted.rpt"/>
  <File Type="INIT-TIMING" Name="lab9_2Top_timing_summary_init.rpt"/>
  <File Type="ROUTE-PWR-SUM" Name="lab9_2Top_power_summary_routed.pb"/>
  <File Type="REPORTS-TCL" Name="lab9_2Top_reports.tcl"/>
  <File Type="OPT-TIMING" Name="lab9_2Top_timing_summary_opted.rpt"/>
  <File Type="OPT-DCP" Name="lab9_2Top_opt.dcp"/>
  <File Type="OPT-DRC" Name="lab9_2Top_drc_opted.rpt"/>
  <File Type="OPT-HWDEF" Name="lab9_2Top.hwdef"/>
  <File Type="PWROPT-DCP" Name="lab9_2Top_pwropt.dcp"/>
  <File Type="PWROPT-DRC" Name="lab9_2Top_drc_pwropted.rpt"/>
  <File Type="PWROPT-TIMING" Name="lab9_2Top_timing_summary_pwropted.rpt"/>
  <File Type="PLACE-DCP" Name="lab9_2Top_placed.dcp"/>
  <File Type="PLACE-IO" Name="lab9_2Top_io_placed.rpt"/>
  <File Type="PLACE-CLK" Name="lab9_2Top_clock_utilization_placed.rpt"/>
  <File Type="PLACE-UTIL" Name="lab9_2Top_utilization_placed.rpt"/>
  <File Type="PLACE-UTIL-PB" Name="lab9_2Top_utilization_placed.pb"/>
  <File Type="PLACE-CTRL" Name="lab9_2Top_control_sets_placed.rpt"/>
  <File Type="PLACE-SIMILARITY" Name="lab9_2Top_incremental_reuse_placed.rpt"/>
  <File Type="PLACE-PRE-SIMILARITY" Name="lab9_2Top_incremental_reuse_pre_placed.rpt"/>
  <File Type="BG-BIN" Name="lab9_2Top.bin"/>
  <File Type="PLACE-TIMING" Name="lab9_2Top_timing_summary_placed.rpt"/>
  <File Type="POSTPLACE-PWROPT-DCP" Name="lab9_2Top_postplace_pwropt.dcp"/>
  <File Type="BITSTR-MSK" Name="lab9_2Top.msk"/>
  <File Type="POSTPLACE-PWROPT-TIMING" Name="lab9_2Top_timing_summary_postplace_pwropted.rpt"/>
  <File Type="PHYSOPT-DCP" Name="lab9_2Top_physopt.dcp"/>
  <File Type="PHYSOPT-DRC" Name="lab9_2Top_drc_physopted.rpt"/>
  <File Type="BITSTR-RBT" Name="lab9_2Top.rbt"/>
  <File Type="PHYSOPT-TIMING" Name="lab9_2Top_timing_summary_physopted.rpt"/>
  <File Type="ROUTE-ERROR-DCP" Name="lab9_2Top_routed_error.dcp"/>
  <File Type="ROUTE-DCP" Name="lab9_2Top_routed.dcp"/>
  <File Type="ROUTE-BLACKBOX-DCP" Name="lab9_2Top_routed_bb.dcp"/>
  <File Type="ROUTE-DRC" Name="lab9_2Top_drc_routed.rpt"/>
  <File Type="ROUTE-DRC-PB" Name="lab9_2Top_drc_routed.pb"/>
  <File Type="ROUTE-DRC-RPX" Name="lab9_2Top_drc_routed.rpx"/>
  <File Type="ROUTE-METHODOLOGY-DRC" Name="lab9_2Top_methodology_drc_routed.rpt"/>
  <File Type="ROUTE-METHODOLOGY-DRC-RPX" Name="lab9_2Top_methodology_drc_routed.rpx"/>
  <File Type="ROUTE-METHODOLOGY-DRC-PB" Name="lab9_2Top_methodology_drc_routed.pb"/>
  <File Type="ROUTE-PWR-RPX" Name="lab9_2Top_power_routed.rpx"/>
  <File Type="ROUTE-STATUS" Name="lab9_2Top_route_status.rpt"/>
  <File Type="ROUTE-STATUS-PB" Name="lab9_2Top_route_status.pb"/>
  <File Type="ROUTE-TIMINGSUMMARY" Name="lab9_2Top_timing_summary_routed.rpt"/>
  <File Type="ROUTE-TIMING-PB" Name="lab9_2Top_timing_summary_routed.pb"/>
  <File Type="ROUTE-TIMING-RPX" Name="lab9_2Top_timing_summary_routed.rpx"/>
  <File Type="ROUTE-SIMILARITY" Name="lab9_2Top_incremental_reuse_routed.rpt"/>
  <File Type="ROUTE-CLK" Name="lab9_2Top_clock_utilization_routed.rpt"/>
  <File Type="ROUTE-BUS-SKEW" Name="lab9_2Top_bus_skew_routed.rpt"/>
  <File Type="ROUTE-BUS-SKEW-PB" Name="lab9_2Top_bus_skew_routed.pb"/>
  <File Type="ROUTE-BUS-SKEW-RPX" Name="lab9_2Top_bus_skew_routed.rpx"/>
  <File Type="POSTROUTE-PHYSOPT-DCP" Name="lab9_2Top_postroute_physopt.dcp"/>
  <File Type="POSTROUTE-PHYSOPT-BLACKBOX-DCP" Name="lab9_2Top_postroute_physopt_bb.dcp"/>
  <File Type="POSTROUTE-PHYSOPT-TIMING" Name="lab9_2Top_timing_summary_postroute_physopted.rpt"/>
  <File Type="POSTROUTE-PHYSOPT-TIMING-PB" Name="lab9_2Top_timing_summary_postroute_physopted.pb"/>
  <File Type="POSTROUTE-PHYSOPT-TIMING-RPX" Name="lab9_2Top_timing_summary_postroute_physopted.rpx"/>
  <File Type="POSTROUTE-PHYSOPT-BUS-SKEW" Name="lab9_2Top_bus_skew_postroute_physopted.rpt"/>
  <File Type="BG-BIT" Name="lab9_2Top.bit"/>
  <File Type="POSTROUTE-PHYSOPT-BUS-SKEW-PB" Name="lab9_2Top_bus_skew_postroute_physopted.pb"/>
  <File Type="POSTROUTE-PHYSOPT-BUS-SKEW-RPX" Name="lab9_2Top_bus_skew_postroute_physopted.rpx"/>
  <File Type="BITSTR-NKY" Name="lab9_2Top.nky"/>
  <File Type="BITSTR-BMM" Name="lab9_2Top_bd.bmm"/>
  <File Type="PDI-FILE" Name="lab9_2Top.pdi"/>
  <File Type="RCFI_FILE" Name="lab9_2Top.rcfi"/>
  <File Type="CFI_FILE" Name="lab9_2Top.cfi"/>
  <File Type="RNPI_FILE" Name="lab9_2Top.rnpi"/>
  <File Type="NPI_FILE" Name="lab9_2Top.npi"/>
  <File Type="RBD_FILE" Name="lab9_2Top.rbd"/>
  <File Type="BITSTR-LTX" Name="debug_nets.ltx"/>
  <File Type="BITSTR-LTX" Name="lab9_2Top.ltx"/>
  <File Type="BITSTR-SYSDEF" Name="lab9_2Top.sysdef"/>
  <File Type="BG-BGN" Name="lab9_2Top.bgn"/>
  <File Type="BG-DRC" Name="lab9_2Top.drc"/>
  <File Type="RDI-RDI" Name="lab9_2Top.vdi"/>
  <File Type="WBT-USG" Name="usage_statistics_webtalk.html"/>
  <FileSet Name="sources" Type="DesignSrcs" RelSrcDir="$PSRCDIR/sources_1" RelGenDir="$PGENDIR/sources_1">
    <Filter Type="Srcs"/>
    <File Path="$PSRCDIR/sources_1/new/clk_divider.v">
      <FileInfo>
        <Attr Name="UsedIn" Val="synthesis"/>
        <Attr Name="UsedIn" Val="implementation"/>
        <Attr Name="UsedIn" Val="simulation"/>
      </FileInfo>
    </File>
    <File Path="$PSRCDIR/sources_1/new/lab9_2.v">
      <FileInfo>
        <Attr Name="UsedIn" Val="synthesis"/>
        <Attr Name="UsedIn" Val="implementation"/>
        <Attr Name="UsedIn" Val="simulation"/>
      </FileInfo>
    </File>
    <File Path="$PSRCDIR/sources_1/new/pulse_generator.v">
      <FileInfo>
        <Attr Name="UsedIn" Val="synthesis"/>
        <Attr Name="UsedIn" Val="implementation"/>
        <Attr Name="UsedIn" Val="simulation"/>
      </FileInfo>
    </File>
    <File Path="$PSRCDIR/sources_1/new/lab9_2Top.v">
      <FileInfo>
        <Attr Name="UsedIn" Val="synthesis"/>
        <Attr Name="UsedIn" Val="implementation"/>
        <Attr Name="UsedIn" Val="simulation"/>
      </FileInfo>
    </File>
    <Config>
      <Option Name="DesignMode" Val="RTL"/>
      <Option Name="TopModule" Val="lab9_2Top"/>
      <Option Name="TopAutoSet" Val="TRUE"/>
    </Config>
  </FileSet>
  <FileSet Name="constrs_in" Type="Constrs" RelSrcDir="$PSRCDIR/constrs_1">
    <Filter Type="Constrs"/>
    <File Path="$PSRCDIR/constrs_1/imports/lab9/Nexys4DDR_Master.xdc">
      <FileInfo>
        <Attr Name="ImportPath" Val="$PPRDIR/../../Nexys4DDR_Master.xdc"/>
        <Attr Name="ImportTime" Val="1634740479"/>
        <Attr Name="UsedIn" Val="synthesis"/>
        <Attr Name="UsedIn" Val="implementation"/>
      </FileInfo>
    </File>
    <Config>
      <Option Name="ConstrsType" Val="XDC"/>
    </Config>
  </FileSet>
  <FileSet Name="utils" Type="Utils" RelSrcDir="$PSRCDIR/utils_1">
    <Filter Type="Utils"/>
    <Config>
      <Option Name="TopAutoSet" Val="TRUE"/>
    </Config>
  </FileSet>
  <Strategy Version="1" Minor="2">
    <StratHandle Name="Vivado Implementation Defaults" Flow="Vivado Implementation 2021"/>
    <Step Id="init_design"/>
    <Step Id="opt_design"/>
    <Step Id="power_opt_design"/>
    <Step Id="place_design"/>
    <Step Id="post_place_power_opt_design"/>
    <Step Id="phys_opt_design"/>
    <Step Id="route_design"/>
    <Step Id="post_route_phys_opt_design"/>
    <Step Id="write_bitstream"/>
  </Strategy>
  <BlockFileSet Type="BlockSrcs" Name="clk_wiz_0"/>
</GenRun>
