<?xml version="1.0" encoding="UTF-8"?>
<GenRun Id="impl_1" LaunchPart="xc7a100tcsg324-1" LaunchTime="1633690387">
  <File Type="ROUTE-PWR" Name="Lab2_6verilog_power_routed.rpt"/>
  <File Type="PA-TCL" Name="Lab2_6verilog.tcl"/>
  <File Type="ROUTE-PWR-SUM" Name="Lab2_6verilog_power_summary_routed.pb"/>
  <File Type="REPORTS-TCL" Name="Lab2_6verilog_reports.tcl"/>
  <File Type="BITSTR-MSK" Name="Lab2_6verilog.msk"/>
  <File Type="ROUTE-CLK" Name="Lab2_6verilog_clock_utilization_routed.rpt"/>
  <File Type="RDI-RDI" Name="Lab2_6verilog.vdi"/>
  <File Type="BG-BIT" Name="Lab2_6verilog.bit"/>
  <File Type="BG-DRC" Name="Lab2_6verilog.drc"/>
  <File Type="BG-BGN" Name="Lab2_6verilog.bgn"/>
  <File Type="BG-BIN" Name="Lab2_6verilog.bin"/>
  <File Type="BITSTR-RBT" Name="Lab2_6verilog.rbt"/>
  <File Type="BITSTR-NKY" Name="Lab2_6verilog.nky"/>
  <File Type="BITSTR-BMM" Name="Lab2_6verilog_bd.bmm"/>
  <File Type="BITSTR-MMI" Name="Lab2_6verilog.mmi"/>
  <File Type="ROUTE-METHODOLOGY-DRC" Name="Lab2_6verilog_methodology_drc_routed.rpt"/>
  <File Type="BITSTR-SYSDEF" Name="Lab2_6verilog.sysdef"/>
  <File Type="BITSTR-LTX" Name="debug_nets.ltx"/>
  <File Type="BITSTR-LTX" Name="Lab2_6verilog.ltx"/>
  <File Type="WBT-USG" Name="usage_statistics_webtalk.html"/>
  <File Type="OPT-DRC" Name="Lab2_6verilog_drc_opted.rpt"/>
  <File Type="OPT-HWDEF" Name="Lab2_6verilog.hwdef"/>
  <File Type="PLACE-IO" Name="Lab2_6verilog_io_placed.rpt"/>
  <File Type="PLACE-UTIL" Name="Lab2_6verilog_utilization_placed.rpt"/>
  <File Type="PLACE-UTIL-PB" Name="Lab2_6verilog_utilization_placed.pb"/>
  <File Type="PLACE-CTRL" Name="Lab2_6verilog_control_sets_placed.rpt"/>
  <File Type="PLACE-PRE-SIMILARITY" Name="Lab2_6verilog_incremental_reuse_pre_placed.rpt"/>
  <File Type="ROUTE-DRC" Name="Lab2_6verilog_drc_routed.rpt"/>
  <File Type="ROUTE-DRC-PB" Name="Lab2_6verilog_drc_routed.pb"/>
  <File Type="ROUTE-PWR-RPX" Name="Lab2_6verilog_power_routed.rpx"/>
  <File Type="ROUTE-STATUS" Name="Lab2_6verilog_route_status.rpt"/>
  <File Type="ROUTE-STATUS-PB" Name="Lab2_6verilog_route_status.pb"/>
  <File Type="ROUTE-DCP" Name="Lab2_6verilog_routed.dcp"/>
  <File Type="ROUTE-ERROR-DCP" Name="Lab2_6verilog_routed_error.dcp"/>
  <File Type="ROUTE-BLACKBOX-DCP" Name="Lab2_6verilog_routed_bb.dcp"/>
  <File Type="ROUTE-TIMINGSUMMARY" Name="Lab2_6verilog_timing_summary_routed.rpt"/>
  <File Type="ROUTE-TIMING-PB" Name="Lab2_6verilog_timing_summary_routed.pb"/>
  <File Type="ROUTE-TIMING-RPX" Name="Lab2_6verilog_timing_summary_routed.rpx"/>
  <File Type="ROUTE-BUS-SKEW" Name="Lab2_6verilog_bus_skew_routed.rpt"/>
  <File Type="ROUTE-BUS-SKEW-PB" Name="Lab2_6verilog_bus_skew_routed.pb"/>
  <File Type="ROUTE-BUS-SKEW-RPX" Name="Lab2_6verilog_bus_skew_routed.rpx"/>
  <File Type="OPT-DCP" Name="Lab2_6verilog_opt.dcp"/>
  <File Type="PLACE-DCP" Name="Lab2_6verilog_placed.dcp"/>
  <File Type="PWROPT-DCP" Name="Lab2_6verilog_pwropt.dcp"/>
  <File Type="POSTPLACE-PWROPT-DCP" Name="Lab2_6verilog_postplace_pwropt.dcp"/>
  <File Type="PHYSOPT-DCP" Name="Lab2_6verilog_physopt.dcp"/>
  <File Type="POSTROUTE-PHYSOPT-DCP" Name="Lab2_6verilog_postroute_physopt.dcp"/>
  <File Type="POSTROUTE-PHYSOPT-BLACKBOX-DCP" Name="Lab2_6verilog_postroute_physopt_bb.dcp"/>
  <File Type="ROUTE-METHODOLOGY-DRC-PB" Name="Lab2_6verilog_methodology_drc_routed.pb"/>
  <File Type="ROUTE-DRC-RPX" Name="Lab2_6verilog_drc_routed.rpx"/>
  <File Type="ROUTE-METHODOLOGY-DRC-RPX" Name="Lab2_6verilog_methodology_drc_routed.rpx"/>
  <File Type="PDI-FILE" Name="Lab2_6verilog.pdi"/>
  <File Type="RCFI_FILE" Name="Lab2_6verilog.rcfi"/>
  <File Type="CFI_FILE" Name="Lab2_6verilog.cfi"/>
  <File Type="RNPI_FILE" Name="Lab2_6verilog.rnpi"/>
  <File Type="NPI_FILE" Name="Lab2_6verilog.npi"/>
  <File Type="RBD_FILE" Name="Lab2_6verilog.rbd"/>
  <FileSet Name="sources" Type="DesignSrcs" RelSrcDir="$PSRCDIR/sources_1" RelGenDir="$PGENDIR/sources_1">
    <Filter Type="Srcs"/>
    <File Path="$PSRCDIR/sources_1/new/lab2_1.v">
      <FileInfo>
        <Attr Name="UsedIn" Val="synthesis"/>
        <Attr Name="UsedIn" Val="implementation"/>
        <Attr Name="UsedIn" Val="simulation"/>
      </FileInfo>
    </File>
    <File Path="$PSRCDIR/sources_1/new/lab2_6.v">
      <FileInfo>
        <Attr Name="UsedIn" Val="synthesis"/>
        <Attr Name="UsedIn" Val="implementation"/>
        <Attr Name="UsedIn" Val="simulation"/>
      </FileInfo>
    </File>
    <Config>
      <Option Name="DesignMode" Val="RTL"/>
      <Option Name="TopModule" Val="Lab2_6verilog"/>
    </Config>
  </FileSet>
  <FileSet Name="constrs_in" Type="Constrs" RelSrcDir="$PSRCDIR/constrs_1">
    <Filter Type="Constrs"/>
    <File Path="$PSRCDIR/constrs_1/imports/lab2/Nexys4DDR_Master.xdc">
      <FileInfo>
        <Attr Name="ImportPath" Val="$PPRDIR/../../Nexys4DDR_Master.xdc"/>
        <Attr Name="ImportTime" Val="1632471118"/>
        <Attr Name="UsedIn" Val="synthesis"/>
        <Attr Name="UsedIn" Val="implementation"/>
      </FileInfo>
    </File>
    <Config>
      <Option Name="ConstrsType" Val="XDC"/>
    </Config>
  </FileSet>
  <FileSet Name="utils" Type="Utils" RelSrcDir="$PSRCDIR/utils_1">
    <Filter Type="Utils"/>
    <Config>
      <Option Name="TopAutoSet" Val="TRUE"/>
    </Config>
  </FileSet>
  <Strategy Version="1" Minor="2">
    <StratHandle Name="Vivado Implementation Defaults" Flow="Vivado Implementation 2021"/>
    <Step Id="init_design"/>
    <Step Id="opt_design"/>
    <Step Id="power_opt_design"/>
    <Step Id="place_design"/>
    <Step Id="post_place_power_opt_design"/>
    <Step Id="phys_opt_design"/>
    <Step Id="route_design"/>
    <Step Id="post_route_phys_opt_design"/>
    <Step Id="write_bitstream"/>
    <Step Id="write_device_image"/>
  </Strategy>
</GenRun>
