<?xml version="1.0" encoding="UTF-8"?>
<GenRun Id="impl_1" LaunchPart="xc7a100tcsg324-1" LaunchTime="1634300764">
  <File Type="ROUTE-PWR" Name="BCD_2_to_5_converter_power_routed.rpt"/>
  <File Type="PA-TCL" Name="BCD_2_to_5_converter.tcl"/>
  <File Type="BITSTR-MMI" Name="BCD_2_to_5_converter.mmi"/>
  <File Type="OPT-METHODOLOGY-DRC" Name="BCD_2_to_5_converter_methodology_drc_opted.rpt"/>
  <File Type="INIT-TIMING" Name="BCD_2_to_5_converter_timing_summary_init.rpt"/>
  <File Type="ROUTE-PWR-SUM" Name="BCD_2_to_5_converter_power_summary_routed.pb"/>
  <File Type="REPORTS-TCL" Name="BCD_2_to_5_converter_reports.tcl"/>
  <File Type="OPT-TIMING" Name="BCD_2_to_5_converter_timing_summary_opted.rpt"/>
  <File Type="OPT-DCP" Name="BCD_2_to_5_converter_opt.dcp"/>
  <File Type="OPT-DRC" Name="BCD_2_to_5_converter_drc_opted.rpt"/>
  <File Type="OPT-HWDEF" Name="BCD_2_to_5_converter.hwdef"/>
  <File Type="PWROPT-DCP" Name="BCD_2_to_5_converter_pwropt.dcp"/>
  <File Type="PWROPT-DRC" Name="BCD_2_to_5_converter_drc_pwropted.rpt"/>
  <File Type="PWROPT-TIMING" Name="BCD_2_to_5_converter_timing_summary_pwropted.rpt"/>
  <File Type="PLACE-DCP" Name="BCD_2_to_5_converter_placed.dcp"/>
  <File Type="PLACE-IO" Name="BCD_2_to_5_converter_io_placed.rpt"/>
  <File Type="PLACE-CLK" Name="BCD_2_to_5_converter_clock_utilization_placed.rpt"/>
  <File Type="PLACE-UTIL" Name="BCD_2_to_5_converter_utilization_placed.rpt"/>
  <File Type="PLACE-UTIL-PB" Name="BCD_2_to_5_converter_utilization_placed.pb"/>
  <File Type="PLACE-CTRL" Name="BCD_2_to_5_converter_control_sets_placed.rpt"/>
  <File Type="PLACE-SIMILARITY" Name="BCD_2_to_5_converter_incremental_reuse_placed.rpt"/>
  <File Type="PLACE-PRE-SIMILARITY" Name="BCD_2_to_5_converter_incremental_reuse_pre_placed.rpt"/>
  <File Type="BG-BIN" Name="BCD_2_to_5_converter.bin"/>
  <File Type="PLACE-TIMING" Name="BCD_2_to_5_converter_timing_summary_placed.rpt"/>
  <File Type="POSTPLACE-PWROPT-DCP" Name="BCD_2_to_5_converter_postplace_pwropt.dcp"/>
  <File Type="BITSTR-MSK" Name="BCD_2_to_5_converter.msk"/>
  <File Type="POSTPLACE-PWROPT-TIMING" Name="BCD_2_to_5_converter_timing_summary_postplace_pwropted.rpt"/>
  <File Type="PHYSOPT-DCP" Name="BCD_2_to_5_converter_physopt.dcp"/>
  <File Type="PHYSOPT-DRC" Name="BCD_2_to_5_converter_drc_physopted.rpt"/>
  <File Type="BITSTR-RBT" Name="BCD_2_to_5_converter.rbt"/>
  <File Type="PHYSOPT-TIMING" Name="BCD_2_to_5_converter_timing_summary_physopted.rpt"/>
  <File Type="ROUTE-ERROR-DCP" Name="BCD_2_to_5_converter_routed_error.dcp"/>
  <File Type="ROUTE-DCP" Name="BCD_2_to_5_converter_routed.dcp"/>
  <File Type="ROUTE-BLACKBOX-DCP" Name="BCD_2_to_5_converter_routed_bb.dcp"/>
  <File Type="ROUTE-DRC" Name="BCD_2_to_5_converter_drc_routed.rpt"/>
  <File Type="ROUTE-DRC-PB" Name="BCD_2_to_5_converter_drc_routed.pb"/>
  <File Type="ROUTE-DRC-RPX" Name="BCD_2_to_5_converter_drc_routed.rpx"/>
  <File Type="ROUTE-METHODOLOGY-DRC" Name="BCD_2_to_5_converter_methodology_drc_routed.rpt"/>
  <File Type="ROUTE-METHODOLOGY-DRC-RPX" Name="BCD_2_to_5_converter_methodology_drc_routed.rpx"/>
  <File Type="ROUTE-METHODOLOGY-DRC-PB" Name="BCD_2_to_5_converter_methodology_drc_routed.pb"/>
  <File Type="ROUTE-PWR-RPX" Name="BCD_2_to_5_converter_power_routed.rpx"/>
  <File Type="ROUTE-STATUS" Name="BCD_2_to_5_converter_route_status.rpt"/>
  <File Type="ROUTE-STATUS-PB" Name="BCD_2_to_5_converter_route_status.pb"/>
  <File Type="ROUTE-TIMINGSUMMARY" Name="BCD_2_to_5_converter_timing_summary_routed.rpt"/>
  <File Type="ROUTE-TIMING-PB" Name="BCD_2_to_5_converter_timing_summary_routed.pb"/>
  <File Type="ROUTE-TIMING-RPX" Name="BCD_2_to_5_converter_timing_summary_routed.rpx"/>
  <File Type="ROUTE-SIMILARITY" Name="BCD_2_to_5_converter_incremental_reuse_routed.rpt"/>
  <File Type="ROUTE-CLK" Name="BCD_2_to_5_converter_clock_utilization_routed.rpt"/>
  <File Type="ROUTE-BUS-SKEW" Name="BCD_2_to_5_converter_bus_skew_routed.rpt"/>
  <File Type="ROUTE-BUS-SKEW-PB" Name="BCD_2_to_5_converter_bus_skew_routed.pb"/>
  <File Type="ROUTE-BUS-SKEW-RPX" Name="BCD_2_to_5_converter_bus_skew_routed.rpx"/>
  <File Type="POSTROUTE-PHYSOPT-DCP" Name="BCD_2_to_5_converter_postroute_physopt.dcp"/>
  <File Type="POSTROUTE-PHYSOPT-BLACKBOX-DCP" Name="BCD_2_to_5_converter_postroute_physopt_bb.dcp"/>
  <File Type="POSTROUTE-PHYSOPT-TIMING" Name="BCD_2_to_5_converter_timing_summary_postroute_physopted.rpt"/>
  <File Type="POSTROUTE-PHYSOPT-TIMING-PB" Name="BCD_2_to_5_converter_timing_summary_postroute_physopted.pb"/>
  <File Type="POSTROUTE-PHYSOPT-TIMING-RPX" Name="BCD_2_to_5_converter_timing_summary_postroute_physopted.rpx"/>
  <File Type="POSTROUTE-PHYSOPT-BUS-SKEW" Name="BCD_2_to_5_converter_bus_skew_postroute_physopted.rpt"/>
  <File Type="BG-BIT" Name="BCD_2_to_5_converter.bit"/>
  <File Type="POSTROUTE-PHYSOPT-BUS-SKEW-PB" Name="BCD_2_to_5_converter_bus_skew_postroute_physopted.pb"/>
  <File Type="POSTROUTE-PHYSOPT-BUS-SKEW-RPX" Name="BCD_2_to_5_converter_bus_skew_postroute_physopted.rpx"/>
  <File Type="BITSTR-NKY" Name="BCD_2_to_5_converter.nky"/>
  <File Type="BITSTR-BMM" Name="BCD_2_to_5_converter_bd.bmm"/>
  <File Type="PDI-FILE" Name="BCD_2_to_5_converter.pdi"/>
  <File Type="RCFI_FILE" Name="BCD_2_to_5_converter.rcfi"/>
  <File Type="CFI_FILE" Name="BCD_2_to_5_converter.cfi"/>
  <File Type="RNPI_FILE" Name="BCD_2_to_5_converter.rnpi"/>
  <File Type="NPI_FILE" Name="BCD_2_to_5_converter.npi"/>
  <File Type="RBD_FILE" Name="BCD_2_to_5_converter.rbd"/>
  <File Type="BITSTR-LTX" Name="debug_nets.ltx"/>
  <File Type="BITSTR-LTX" Name="BCD_2_to_5_converter.ltx"/>
  <File Type="BITSTR-SYSDEF" Name="BCD_2_to_5_converter.sysdef"/>
  <File Type="BG-BGN" Name="BCD_2_to_5_converter.bgn"/>
  <File Type="BG-DRC" Name="BCD_2_to_5_converter.drc"/>
  <File Type="RDI-RDI" Name="BCD_2_to_5_converter.vdi"/>
  <File Type="WBT-USG" Name="usage_statistics_webtalk.html"/>
  <FileSet Name="sources" Type="DesignSrcs" RelSrcDir="$PSRCDIR/sources_1" RelGenDir="$PGENDIR/sources_1">
    <Filter Type="Srcs"/>
    <File Path="$PSRCDIR/sources_1/new/BCD_2_to_5_converter.v">
      <FileInfo>
        <Attr Name="UsedIn" Val="synthesis"/>
        <Attr Name="UsedIn" Val="implementation"/>
        <Attr Name="UsedIn" Val="simulation"/>
      </FileInfo>
    </File>
    <Config>
      <Option Name="DesignMode" Val="RTL"/>
      <Option Name="TopModule" Val="BCD_2_to_5_converter"/>
      <Option Name="TopAutoSet" Val="TRUE"/>
    </Config>
  </FileSet>
  <FileSet Name="constrs_in" Type="Constrs" RelSrcDir="$PSRCDIR/constrs_1">
    <Filter Type="Constrs"/>
    <File Path="$PSRCDIR/constrs_1/imports/lab4/Nexys4DDR_Master.xdc">
      <FileInfo>
        <Attr Name="ImportPath" Val="$PPRDIR/../../Nexys4DDR_Master.xdc"/>
        <Attr Name="ImportTime" Val="1633681962"/>
        <Attr Name="UsedIn" Val="synthesis"/>
        <Attr Name="UsedIn" Val="implementation"/>
      </FileInfo>
    </File>
    <Config>
      <Option Name="ConstrsType" Val="XDC"/>
    </Config>
  </FileSet>
  <FileSet Name="utils" Type="Utils" RelSrcDir="$PSRCDIR/utils_1">
    <Filter Type="Utils"/>
    <Config>
      <Option Name="TopAutoSet" Val="TRUE"/>
    </Config>
  </FileSet>
  <Strategy Version="1" Minor="2">
    <StratHandle Name="Vivado Implementation Defaults" Flow="Vivado Implementation 2021"/>
    <Step Id="init_design"/>
    <Step Id="opt_design"/>
    <Step Id="power_opt_design"/>
    <Step Id="place_design"/>
    <Step Id="post_place_power_opt_design"/>
    <Step Id="phys_opt_design"/>
    <Step Id="route_design"/>
    <Step Id="post_route_phys_opt_design"/>
    <Step Id="write_bitstream"/>
  </Strategy>
</GenRun>
