<?xml version="1.0" encoding="UTF-8"?>
<GenRun Id="impl_1" LaunchPart="xc7a100tcsg324-1" LaunchTime="1634280986">
  <File Type="ROUTE-PWR" Name="bcd_to_7segment_power_routed.rpt"/>
  <File Type="PA-TCL" Name="bcd_to_7segment.tcl"/>
  <File Type="ROUTE-PWR-SUM" Name="bcd_to_7segment_power_summary_routed.pb"/>
  <File Type="REPORTS-TCL" Name="bcd_to_7segment_reports.tcl"/>
  <File Type="BITSTR-MSK" Name="bcd_to_7segment.msk"/>
  <File Type="ROUTE-CLK" Name="bcd_to_7segment_clock_utilization_routed.rpt"/>
  <File Type="RDI-RDI" Name="bcd_to_7segment.vdi"/>
  <File Type="BG-BIT" Name="bcd_to_7segment.bit"/>
  <File Type="BG-DRC" Name="bcd_to_7segment.drc"/>
  <File Type="BG-BGN" Name="bcd_to_7segment.bgn"/>
  <File Type="BG-BIN" Name="bcd_to_7segment.bin"/>
  <File Type="BITSTR-RBT" Name="bcd_to_7segment.rbt"/>
  <File Type="BITSTR-NKY" Name="bcd_to_7segment.nky"/>
  <File Type="BITSTR-BMM" Name="bcd_to_7segment_bd.bmm"/>
  <File Type="BITSTR-MMI" Name="bcd_to_7segment.mmi"/>
  <File Type="ROUTE-METHODOLOGY-DRC" Name="bcd_to_7segment_methodology_drc_routed.rpt"/>
  <File Type="BITSTR-SYSDEF" Name="bcd_to_7segment.sysdef"/>
  <File Type="BITSTR-LTX" Name="debug_nets.ltx"/>
  <File Type="BITSTR-LTX" Name="bcd_to_7segment.ltx"/>
  <File Type="WBT-USG" Name="usage_statistics_webtalk.html"/>
  <File Type="OPT-DRC" Name="bcd_to_7segment_drc_opted.rpt"/>
  <File Type="OPT-HWDEF" Name="bcd_to_7segment.hwdef"/>
  <File Type="PLACE-IO" Name="bcd_to_7segment_io_placed.rpt"/>
  <File Type="PLACE-UTIL" Name="bcd_to_7segment_utilization_placed.rpt"/>
  <File Type="PLACE-UTIL-PB" Name="bcd_to_7segment_utilization_placed.pb"/>
  <File Type="PLACE-CTRL" Name="bcd_to_7segment_control_sets_placed.rpt"/>
  <File Type="PLACE-PRE-SIMILARITY" Name="bcd_to_7segment_incremental_reuse_pre_placed.rpt"/>
  <File Type="ROUTE-DRC" Name="bcd_to_7segment_drc_routed.rpt"/>
  <File Type="ROUTE-DRC-PB" Name="bcd_to_7segment_drc_routed.pb"/>
  <File Type="ROUTE-PWR-RPX" Name="bcd_to_7segment_power_routed.rpx"/>
  <File Type="ROUTE-STATUS" Name="bcd_to_7segment_route_status.rpt"/>
  <File Type="ROUTE-STATUS-PB" Name="bcd_to_7segment_route_status.pb"/>
  <File Type="ROUTE-DCP" Name="bcd_to_7segment_routed.dcp"/>
  <File Type="ROUTE-ERROR-DCP" Name="bcd_to_7segment_routed_error.dcp"/>
  <File Type="ROUTE-BLACKBOX-DCP" Name="bcd_to_7segment_routed_bb.dcp"/>
  <File Type="ROUTE-TIMINGSUMMARY" Name="bcd_to_7segment_timing_summary_routed.rpt"/>
  <File Type="ROUTE-TIMING-PB" Name="bcd_to_7segment_timing_summary_routed.pb"/>
  <File Type="ROUTE-TIMING-RPX" Name="bcd_to_7segment_timing_summary_routed.rpx"/>
  <File Type="ROUTE-BUS-SKEW" Name="bcd_to_7segment_bus_skew_routed.rpt"/>
  <File Type="ROUTE-BUS-SKEW-PB" Name="bcd_to_7segment_bus_skew_routed.pb"/>
  <File Type="ROUTE-BUS-SKEW-RPX" Name="bcd_to_7segment_bus_skew_routed.rpx"/>
  <File Type="OPT-DCP" Name="bcd_to_7segment_opt.dcp"/>
  <File Type="PLACE-DCP" Name="bcd_to_7segment_placed.dcp"/>
  <File Type="PWROPT-DCP" Name="bcd_to_7segment_pwropt.dcp"/>
  <File Type="POSTPLACE-PWROPT-DCP" Name="bcd_to_7segment_postplace_pwropt.dcp"/>
  <File Type="PHYSOPT-DCP" Name="bcd_to_7segment_physopt.dcp"/>
  <File Type="POSTROUTE-PHYSOPT-DCP" Name="bcd_to_7segment_postroute_physopt.dcp"/>
  <File Type="POSTROUTE-PHYSOPT-BLACKBOX-DCP" Name="bcd_to_7segment_postroute_physopt_bb.dcp"/>
  <File Type="ROUTE-METHODOLOGY-DRC-PB" Name="bcd_to_7segment_methodology_drc_routed.pb"/>
  <File Type="ROUTE-DRC-RPX" Name="bcd_to_7segment_drc_routed.rpx"/>
  <File Type="ROUTE-METHODOLOGY-DRC-RPX" Name="bcd_to_7segment_methodology_drc_routed.rpx"/>
  <File Type="PDI-FILE" Name="bcd_to_7segment.pdi"/>
  <File Type="RCFI_FILE" Name="bcd_to_7segment.rcfi"/>
  <File Type="CFI_FILE" Name="bcd_to_7segment.cfi"/>
  <File Type="RNPI_FILE" Name="bcd_to_7segment.rnpi"/>
  <File Type="NPI_FILE" Name="bcd_to_7segment.npi"/>
  <File Type="RBD_FILE" Name="bcd_to_7segment.rbd"/>
  <FileSet Name="sources" Type="DesignSrcs" RelSrcDir="$PSRCDIR/sources_1" RelGenDir="$PGENDIR/sources_1">
    <Filter Type="Srcs"/>
    <File Path="$PSRCDIR/sources_1/new/Comparator.v">
      <FileInfo>
        <Attr Name="UsedIn" Val="synthesis"/>
        <Attr Name="UsedIn" Val="implementation"/>
        <Attr Name="UsedIn" Val="simulation"/>
      </FileInfo>
    </File>
    <File Path="$PSRCDIR/sources_1/new/circuit_a.v">
      <FileInfo>
        <Attr Name="UsedIn" Val="synthesis"/>
        <Attr Name="UsedIn" Val="implementation"/>
        <Attr Name="UsedIn" Val="simulation"/>
      </FileInfo>
    </File>
    <File Path="$PSRCDIR/sources_1/new/lab4_3_partA.v">
      <FileInfo>
        <Attr Name="UsedIn" Val="synthesis"/>
        <Attr Name="UsedIn" Val="implementation"/>
        <Attr Name="UsedIn" Val="simulation"/>
      </FileInfo>
    </File>
    <File Path="$PSRCDIR/sources_1/new/mux.v">
      <FileInfo>
        <Attr Name="UsedIn" Val="synthesis"/>
        <Attr Name="UsedIn" Val="implementation"/>
        <Attr Name="UsedIn" Val="simulation"/>
      </FileInfo>
    </File>
    <File Path="$PSRCDIR/sources_1/new/bcd_to_7segment.v">
      <FileInfo>
        <Attr Name="UsedIn" Val="synthesis"/>
        <Attr Name="UsedIn" Val="implementation"/>
        <Attr Name="UsedIn" Val="simulation"/>
      </FileInfo>
    </File>
    <Config>
      <Option Name="DesignMode" Val="RTL"/>
      <Option Name="TopModule" Val="bcd_to_7segment"/>
    </Config>
  </FileSet>
  <FileSet Name="constrs_in" Type="Constrs" RelSrcDir="$PSRCDIR/constrs_1">
    <Filter Type="Constrs"/>
    <File Path="$PSRCDIR/constrs_1/imports/lab4/Nexys4DDR_Master.xdc">
      <FileInfo>
        <Attr Name="ImportPath" Val="$PPRDIR/../../Nexys4DDR_Master.xdc"/>
        <Attr Name="ImportTime" Val="1633681962"/>
        <Attr Name="UsedIn" Val="synthesis"/>
        <Attr Name="UsedIn" Val="implementation"/>
      </FileInfo>
    </File>
    <Config>
      <Option Name="ConstrsType" Val="XDC"/>
    </Config>
  </FileSet>
  <FileSet Name="utils" Type="Utils" RelSrcDir="$PSRCDIR/utils_1">
    <Filter Type="Utils"/>
    <Config>
      <Option Name="TopAutoSet" Val="TRUE"/>
    </Config>
  </FileSet>
  <Strategy Version="1" Minor="2">
    <StratHandle Name="Vivado Implementation Defaults" Flow="Vivado Implementation 2021"/>
    <Step Id="init_design"/>
    <Step Id="opt_design"/>
    <Step Id="power_opt_design"/>
    <Step Id="place_design"/>
    <Step Id="post_place_power_opt_design"/>
    <Step Id="phys_opt_design"/>
    <Step Id="route_design"/>
    <Step Id="post_route_phys_opt_design"/>
    <Step Id="write_bitstream"/>
    <Step Id="write_device_image"/>
  </Strategy>
</GenRun>
