<?xml version="1.0" encoding="UTF-8"?>
<GenRun Id="impl_1" LaunchPart="xc7a100tcsg324-1" LaunchTime="1634745870">
  <File Type="ROUTE-PWR" Name="lab5_2_power_routed.rpt"/>
  <File Type="PA-TCL" Name="lab5_2.tcl"/>
  <File Type="ROUTE-PWR-SUM" Name="lab5_2_power_summary_routed.pb"/>
  <File Type="REPORTS-TCL" Name="lab5_2_reports.tcl"/>
  <File Type="BITSTR-MSK" Name="lab5_2.msk"/>
  <File Type="ROUTE-CLK" Name="lab5_2_clock_utilization_routed.rpt"/>
  <File Type="RDI-RDI" Name="lab5_2.vdi"/>
  <File Type="BG-BIT" Name="lab5_2.bit"/>
  <File Type="BG-DRC" Name="lab5_2.drc"/>
  <File Type="BG-BGN" Name="lab5_2.bgn"/>
  <File Type="BG-BIN" Name="lab5_2.bin"/>
  <File Type="BITSTR-RBT" Name="lab5_2.rbt"/>
  <File Type="BITSTR-NKY" Name="lab5_2.nky"/>
  <File Type="BITSTR-BMM" Name="lab5_2_bd.bmm"/>
  <File Type="BITSTR-MMI" Name="lab5_2.mmi"/>
  <File Type="ROUTE-METHODOLOGY-DRC" Name="lab5_2_methodology_drc_routed.rpt"/>
  <File Type="BITSTR-SYSDEF" Name="lab5_2.sysdef"/>
  <File Type="BITSTR-LTX" Name="debug_nets.ltx"/>
  <File Type="BITSTR-LTX" Name="lab5_2.ltx"/>
  <File Type="WBT-USG" Name="usage_statistics_webtalk.html"/>
  <File Type="OPT-DRC" Name="lab5_2_drc_opted.rpt"/>
  <File Type="OPT-HWDEF" Name="lab5_2.hwdef"/>
  <File Type="PLACE-IO" Name="lab5_2_io_placed.rpt"/>
  <File Type="PLACE-UTIL" Name="lab5_2_utilization_placed.rpt"/>
  <File Type="PLACE-UTIL-PB" Name="lab5_2_utilization_placed.pb"/>
  <File Type="PLACE-CTRL" Name="lab5_2_control_sets_placed.rpt"/>
  <File Type="PLACE-PRE-SIMILARITY" Name="lab5_2_incremental_reuse_pre_placed.rpt"/>
  <File Type="ROUTE-DRC" Name="lab5_2_drc_routed.rpt"/>
  <File Type="ROUTE-DRC-PB" Name="lab5_2_drc_routed.pb"/>
  <File Type="ROUTE-PWR-RPX" Name="lab5_2_power_routed.rpx"/>
  <File Type="ROUTE-STATUS" Name="lab5_2_route_status.rpt"/>
  <File Type="ROUTE-STATUS-PB" Name="lab5_2_route_status.pb"/>
  <File Type="ROUTE-DCP" Name="lab5_2_routed.dcp"/>
  <File Type="ROUTE-ERROR-DCP" Name="lab5_2_routed_error.dcp"/>
  <File Type="ROUTE-BLACKBOX-DCP" Name="lab5_2_routed_bb.dcp"/>
  <File Type="ROUTE-TIMINGSUMMARY" Name="lab5_2_timing_summary_routed.rpt"/>
  <File Type="ROUTE-TIMING-PB" Name="lab5_2_timing_summary_routed.pb"/>
  <File Type="ROUTE-TIMING-RPX" Name="lab5_2_timing_summary_routed.rpx"/>
  <File Type="ROUTE-BUS-SKEW" Name="lab5_2_bus_skew_routed.rpt"/>
  <File Type="ROUTE-BUS-SKEW-PB" Name="lab5_2_bus_skew_routed.pb"/>
  <File Type="ROUTE-BUS-SKEW-RPX" Name="lab5_2_bus_skew_routed.rpx"/>
  <File Type="OPT-DCP" Name="lab5_2_opt.dcp"/>
  <File Type="PLACE-DCP" Name="lab5_2_placed.dcp"/>
  <File Type="PWROPT-DCP" Name="lab5_2_pwropt.dcp"/>
  <File Type="POSTPLACE-PWROPT-DCP" Name="lab5_2_postplace_pwropt.dcp"/>
  <File Type="PHYSOPT-DCP" Name="lab5_2_physopt.dcp"/>
  <File Type="POSTROUTE-PHYSOPT-DCP" Name="lab5_2_postroute_physopt.dcp"/>
  <File Type="POSTROUTE-PHYSOPT-BLACKBOX-DCP" Name="lab5_2_postroute_physopt_bb.dcp"/>
  <File Type="ROUTE-METHODOLOGY-DRC-PB" Name="lab5_2_methodology_drc_routed.pb"/>
  <File Type="ROUTE-DRC-RPX" Name="lab5_2_drc_routed.rpx"/>
  <File Type="ROUTE-METHODOLOGY-DRC-RPX" Name="lab5_2_methodology_drc_routed.rpx"/>
  <File Type="PDI-FILE" Name="lab5_2.pdi"/>
  <File Type="RCFI_FILE" Name="lab5_2.rcfi"/>
  <File Type="CFI_FILE" Name="lab5_2.cfi"/>
  <File Type="RNPI_FILE" Name="lab5_2.rnpi"/>
  <File Type="NPI_FILE" Name="lab5_2.npi"/>
  <File Type="RBD_FILE" Name="lab5_2.rbd"/>
  <FileSet Name="sources" Type="DesignSrcs" RelSrcDir="$PSRCDIR/sources_1" RelGenDir="$PGENDIR/sources_1">
    <Filter Type="Srcs"/>
    <File Path="$PSRCDIR/sources_1/new/lab5_2.v">
      <FileInfo>
        <Attr Name="UsedIn" Val="synthesis"/>
        <Attr Name="UsedIn" Val="implementation"/>
        <Attr Name="UsedIn" Val="simulation"/>
      </FileInfo>
    </File>
    <Config>
      <Option Name="DesignMode" Val="RTL"/>
      <Option Name="TopModule" Val="lab5_2"/>
      <Option Name="TopAutoSet" Val="TRUE"/>
    </Config>
  </FileSet>
  <FileSet Name="constrs_in" Type="Constrs" RelSrcDir="$PSRCDIR/constrs_1">
    <Filter Type="Constrs"/>
    <File Path="$PSRCDIR/constrs_1/imports/lab5/Nexys4DDR_Master.xdc">
      <FileInfo>
        <Attr Name="ImportPath" Val="$PPRDIR/../../Nexys4DDR_Master.xdc"/>
        <Attr Name="ImportTime" Val="1634740479"/>
        <Attr Name="UsedIn" Val="synthesis"/>
        <Attr Name="UsedIn" Val="implementation"/>
      </FileInfo>
    </File>
    <Config>
      <Option Name="ConstrsType" Val="XDC"/>
    </Config>
  </FileSet>
  <FileSet Name="utils" Type="Utils" RelSrcDir="$PSRCDIR/utils_1">
    <Filter Type="Utils"/>
    <Config>
      <Option Name="TopAutoSet" Val="TRUE"/>
    </Config>
  </FileSet>
  <Strategy Version="1" Minor="2">
    <StratHandle Name="Vivado Implementation Defaults" Flow="Vivado Implementation 2021"/>
    <Step Id="init_design"/>
    <Step Id="opt_design"/>
    <Step Id="power_opt_design"/>
    <Step Id="place_design"/>
    <Step Id="post_place_power_opt_design"/>
    <Step Id="phys_opt_design"/>
    <Step Id="route_design"/>
    <Step Id="post_route_phys_opt_design"/>
    <Step Id="write_bitstream"/>
    <Step Id="write_device_image"/>
  </Strategy>
</GenRun>
