<?xml version="1.0" encoding="UTF-8"?>
<GenRun Id="impl_1" LaunchPart="xc7a100tcsg324-1" LaunchTime="1635350043">
  <File Type="ROUTE-PWR" Name="add_two_values_power_routed.rpt"/>
  <File Type="PA-TCL" Name="add_two_values.tcl"/>
  <File Type="ROUTE-PWR-SUM" Name="add_two_values_power_summary_routed.pb"/>
  <File Type="REPORTS-TCL" Name="add_two_values_reports.tcl"/>
  <File Type="BITSTR-MSK" Name="add_two_values.msk"/>
  <File Type="ROUTE-CLK" Name="add_two_values_clock_utilization_routed.rpt"/>
  <File Type="RDI-RDI" Name="add_two_values.vdi"/>
  <File Type="BG-BIT" Name="add_two_values.bit"/>
  <File Type="BG-DRC" Name="add_two_values.drc"/>
  <File Type="BG-BGN" Name="add_two_values.bgn"/>
  <File Type="BG-BIN" Name="add_two_values.bin"/>
  <File Type="BITSTR-RBT" Name="add_two_values.rbt"/>
  <File Type="BITSTR-NKY" Name="add_two_values.nky"/>
  <File Type="BITSTR-BMM" Name="add_two_values_bd.bmm"/>
  <File Type="BITSTR-MMI" Name="add_two_values.mmi"/>
  <File Type="ROUTE-METHODOLOGY-DRC" Name="add_two_values_methodology_drc_routed.rpt"/>
  <File Type="BITSTR-SYSDEF" Name="add_two_values.sysdef"/>
  <File Type="ROUTE-METHODOLOGY-DRC-PB" Name="add_two_values_methodology_drc_routed.pb"/>
  <File Type="BITSTR-LTX" Name="debug_nets.ltx"/>
  <File Type="BITSTR-LTX" Name="add_two_values.ltx"/>
  <File Type="WBT-USG" Name="usage_statistics_webtalk.html"/>
  <File Type="OPT-DRC" Name="add_two_values_drc_opted.rpt"/>
  <File Type="OPT-HWDEF" Name="add_two_values.hwdef"/>
  <File Type="PLACE-IO" Name="add_two_values_io_placed.rpt"/>
  <File Type="PLACE-UTIL" Name="add_two_values_utilization_placed.rpt"/>
  <File Type="PLACE-UTIL-PB" Name="add_two_values_utilization_placed.pb"/>
  <File Type="PLACE-CTRL" Name="add_two_values_control_sets_placed.rpt"/>
  <File Type="PLACE-PRE-SIMILARITY" Name="add_two_values_incremental_reuse_pre_placed.rpt"/>
  <File Type="ROUTE-DRC" Name="add_two_values_drc_routed.rpt"/>
  <File Type="ROUTE-DRC-PB" Name="add_two_values_drc_routed.pb"/>
  <File Type="ROUTE-PWR-RPX" Name="add_two_values_power_routed.rpx"/>
  <File Type="ROUTE-STATUS" Name="add_two_values_route_status.rpt"/>
  <File Type="ROUTE-STATUS-PB" Name="add_two_values_route_status.pb"/>
  <File Type="ROUTE-DCP" Name="add_two_values_routed.dcp"/>
  <File Type="ROUTE-ERROR-DCP" Name="add_two_values_routed_error.dcp"/>
  <File Type="ROUTE-BLACKBOX-DCP" Name="add_two_values_routed_bb.dcp"/>
  <File Type="ROUTE-TIMINGSUMMARY" Name="add_two_values_timing_summary_routed.rpt"/>
  <File Type="ROUTE-TIMING-PB" Name="add_two_values_timing_summary_routed.pb"/>
  <File Type="ROUTE-TIMING-RPX" Name="add_two_values_timing_summary_routed.rpx"/>
  <File Type="ROUTE-BUS-SKEW" Name="add_two_values_bus_skew_routed.rpt"/>
  <File Type="ROUTE-BUS-SKEW-PB" Name="add_two_values_bus_skew_routed.pb"/>
  <File Type="ROUTE-BUS-SKEW-RPX" Name="add_two_values_bus_skew_routed.rpx"/>
  <File Type="OPT-DCP" Name="add_two_values_opt.dcp"/>
  <File Type="PLACE-DCP" Name="add_two_values_placed.dcp"/>
  <File Type="PWROPT-DCP" Name="add_two_values_pwropt.dcp"/>
  <File Type="POSTPLACE-PWROPT-DCP" Name="add_two_values_postplace_pwropt.dcp"/>
  <File Type="PHYSOPT-DCP" Name="add_two_values_physopt.dcp"/>
  <File Type="POSTROUTE-PHYSOPT-DCP" Name="add_two_values_postroute_physopt.dcp"/>
  <File Type="POSTROUTE-PHYSOPT-BLACKBOX-DCP" Name="add_two_values_postroute_physopt_bb.dcp"/>
  <File Type="ROUTE-DRC-RPX" Name="add_two_values_drc_routed.rpx"/>
  <File Type="ROUTE-METHODOLOGY-DRC-RPX" Name="add_two_values_methodology_drc_routed.rpx"/>
  <File Type="PDI-FILE" Name="add_two_values.pdi"/>
  <File Type="RCFI_FILE" Name="add_two_values.rcfi"/>
  <File Type="CFI_FILE" Name="add_two_values.cfi"/>
  <File Type="RNPI_FILE" Name="add_two_values.rnpi"/>
  <File Type="NPI_FILE" Name="add_two_values.npi"/>
  <File Type="RBD_FILE" Name="add_two_values.rbd"/>
  <FileSet Name="sources" Type="DesignSrcs" RelSrcDir="$PSRCDIR/sources_1" RelGenDir="$PGENDIR/sources_1">
    <Filter Type="Srcs"/>
    <File Path="$PSRCDIR/sources_1/new/add_two_values.v">
      <FileInfo>
        <Attr Name="UsedIn" Val="synthesis"/>
        <Attr Name="UsedIn" Val="implementation"/>
        <Attr Name="UsedIn" Val="simulation"/>
      </FileInfo>
    </File>
    <Config>
      <Option Name="DesignMode" Val="RTL"/>
      <Option Name="TopModule" Val="add_two_values"/>
      <Option Name="TopAutoSet" Val="TRUE"/>
    </Config>
  </FileSet>
  <FileSet Name="constrs_in" Type="Constrs" RelSrcDir="$PSRCDIR/constrs_1">
    <Filter Type="Constrs"/>
    <File Path="$PSRCDIR/constrs_1/imports/lab6/Nexys4DDR_Master.xdc">
      <FileInfo>
        <Attr Name="ImportPath" Val="$PPRDIR/../../Nexys4DDR_Master.xdc"/>
        <Attr Name="ImportTime" Val="1634740479"/>
        <Attr Name="UsedIn" Val="synthesis"/>
        <Attr Name="UsedIn" Val="implementation"/>
      </FileInfo>
    </File>
    <Config>
      <Option Name="ConstrsType" Val="XDC"/>
    </Config>
  </FileSet>
  <FileSet Name="utils" Type="Utils" RelSrcDir="$PSRCDIR/utils_1">
    <Filter Type="Utils"/>
    <Config>
      <Option Name="TopAutoSet" Val="TRUE"/>
    </Config>
  </FileSet>
  <Strategy Version="1" Minor="2">
    <StratHandle Name="Vivado Implementation Defaults" Flow="Vivado Implementation 2021"/>
    <Step Id="init_design"/>
    <Step Id="opt_design"/>
    <Step Id="power_opt_design"/>
    <Step Id="place_design"/>
    <Step Id="post_place_power_opt_design"/>
    <Step Id="phys_opt_design"/>
    <Step Id="route_design"/>
    <Step Id="post_route_phys_opt_design"/>
    <Step Id="write_bitstream"/>
    <Step Id="write_device_image"/>
  </Strategy>
</GenRun>
