<?xml version="1.0" encoding="UTF-8"?>
<GenRun Id="impl_1" LaunchPart="xc7a100tcsg324-1" LaunchTime="1635355675">
  <File Type="ROUTE-PWR" Name="calc_even_parity_power_routed.rpt"/>
  <File Type="PA-TCL" Name="calc_even_parity.tcl"/>
  <File Type="ROUTE-PWR-SUM" Name="calc_even_parity_power_summary_routed.pb"/>
  <File Type="REPORTS-TCL" Name="calc_even_parity_reports.tcl"/>
  <File Type="BITSTR-MSK" Name="calc_even_parity.msk"/>
  <File Type="ROUTE-CLK" Name="calc_even_parity_clock_utilization_routed.rpt"/>
  <File Type="RDI-RDI" Name="calc_even_parity.vdi"/>
  <File Type="BG-BIT" Name="calc_even_parity.bit"/>
  <File Type="BG-DRC" Name="calc_even_parity.drc"/>
  <File Type="BG-BGN" Name="calc_even_parity.bgn"/>
  <File Type="BG-BIN" Name="calc_even_parity.bin"/>
  <File Type="BITSTR-RBT" Name="calc_even_parity.rbt"/>
  <File Type="BITSTR-NKY" Name="calc_even_parity.nky"/>
  <File Type="BITSTR-BMM" Name="calc_even_parity_bd.bmm"/>
  <File Type="BITSTR-MMI" Name="calc_even_parity.mmi"/>
  <File Type="ROUTE-METHODOLOGY-DRC" Name="calc_even_parity_methodology_drc_routed.rpt"/>
  <File Type="BITSTR-SYSDEF" Name="calc_even_parity.sysdef"/>
  <File Type="BITSTR-LTX" Name="debug_nets.ltx"/>
  <File Type="BITSTR-LTX" Name="calc_even_parity.ltx"/>
  <File Type="WBT-USG" Name="usage_statistics_webtalk.html"/>
  <File Type="OPT-DRC" Name="calc_even_parity_drc_opted.rpt"/>
  <File Type="OPT-HWDEF" Name="calc_even_parity.hwdef"/>
  <File Type="PLACE-IO" Name="calc_even_parity_io_placed.rpt"/>
  <File Type="PLACE-UTIL" Name="calc_even_parity_utilization_placed.rpt"/>
  <File Type="PLACE-UTIL-PB" Name="calc_even_parity_utilization_placed.pb"/>
  <File Type="PLACE-CTRL" Name="calc_even_parity_control_sets_placed.rpt"/>
  <File Type="PLACE-PRE-SIMILARITY" Name="calc_even_parity_incremental_reuse_pre_placed.rpt"/>
  <File Type="ROUTE-DRC" Name="calc_even_parity_drc_routed.rpt"/>
  <File Type="ROUTE-DRC-PB" Name="calc_even_parity_drc_routed.pb"/>
  <File Type="ROUTE-PWR-RPX" Name="calc_even_parity_power_routed.rpx"/>
  <File Type="ROUTE-STATUS" Name="calc_even_parity_route_status.rpt"/>
  <File Type="ROUTE-STATUS-PB" Name="calc_even_parity_route_status.pb"/>
  <File Type="ROUTE-DCP" Name="calc_even_parity_routed.dcp"/>
  <File Type="ROUTE-ERROR-DCP" Name="calc_even_parity_routed_error.dcp"/>
  <File Type="ROUTE-BLACKBOX-DCP" Name="calc_even_parity_routed_bb.dcp"/>
  <File Type="ROUTE-TIMINGSUMMARY" Name="calc_even_parity_timing_summary_routed.rpt"/>
  <File Type="ROUTE-TIMING-PB" Name="calc_even_parity_timing_summary_routed.pb"/>
  <File Type="ROUTE-TIMING-RPX" Name="calc_even_parity_timing_summary_routed.rpx"/>
  <File Type="ROUTE-BUS-SKEW" Name="calc_even_parity_bus_skew_routed.rpt"/>
  <File Type="ROUTE-BUS-SKEW-PB" Name="calc_even_parity_bus_skew_routed.pb"/>
  <File Type="ROUTE-BUS-SKEW-RPX" Name="calc_even_parity_bus_skew_routed.rpx"/>
  <File Type="OPT-DCP" Name="calc_even_parity_opt.dcp"/>
  <File Type="PLACE-DCP" Name="calc_even_parity_placed.dcp"/>
  <File Type="PWROPT-DCP" Name="calc_even_parity_pwropt.dcp"/>
  <File Type="POSTPLACE-PWROPT-DCP" Name="calc_even_parity_postplace_pwropt.dcp"/>
  <File Type="PHYSOPT-DCP" Name="calc_even_parity_physopt.dcp"/>
  <File Type="POSTROUTE-PHYSOPT-DCP" Name="calc_even_parity_postroute_physopt.dcp"/>
  <File Type="POSTROUTE-PHYSOPT-BLACKBOX-DCP" Name="calc_even_parity_postroute_physopt_bb.dcp"/>
  <File Type="ROUTE-METHODOLOGY-DRC-PB" Name="calc_even_parity_methodology_drc_routed.pb"/>
  <File Type="ROUTE-DRC-RPX" Name="calc_even_parity_drc_routed.rpx"/>
  <File Type="ROUTE-METHODOLOGY-DRC-RPX" Name="calc_even_parity_methodology_drc_routed.rpx"/>
  <File Type="PDI-FILE" Name="calc_even_parity.pdi"/>
  <File Type="RCFI_FILE" Name="calc_even_parity.rcfi"/>
  <File Type="CFI_FILE" Name="calc_even_parity.cfi"/>
  <File Type="RNPI_FILE" Name="calc_even_parity.rnpi"/>
  <File Type="NPI_FILE" Name="calc_even_parity.npi"/>
  <File Type="RBD_FILE" Name="calc_even_parity.rbd"/>
  <FileSet Name="sources" Type="DesignSrcs" RelSrcDir="$PSRCDIR/sources_1" RelGenDir="$PGENDIR/sources_1">
    <Filter Type="Srcs"/>
    <File Path="$PSRCDIR/sources_1/new/calc_even_parity.v">
      <FileInfo>
        <Attr Name="UsedIn" Val="synthesis"/>
        <Attr Name="UsedIn" Val="implementation"/>
        <Attr Name="UsedIn" Val="simulation"/>
      </FileInfo>
    </File>
    <Config>
      <Option Name="DesignMode" Val="RTL"/>
      <Option Name="TopModule" Val="calc_even_parity"/>
      <Option Name="TopAutoSet" Val="TRUE"/>
    </Config>
  </FileSet>
  <FileSet Name="constrs_in" Type="Constrs" RelSrcDir="$PSRCDIR/constrs_1">
    <Filter Type="Constrs"/>
    <File Path="$PSRCDIR/constrs_1/imports/lab6/Nexys4DDR_Master.xdc">
      <FileInfo>
        <Attr Name="ImportPath" Val="$PPRDIR/../../Nexys4DDR_Master.xdc"/>
        <Attr Name="ImportTime" Val="1634740479"/>
        <Attr Name="UsedIn" Val="synthesis"/>
        <Attr Name="UsedIn" Val="implementation"/>
      </FileInfo>
    </File>
    <Config>
      <Option Name="ConstrsType" Val="XDC"/>
    </Config>
  </FileSet>
  <FileSet Name="utils" Type="Utils" RelSrcDir="$PSRCDIR/utils_1">
    <Filter Type="Utils"/>
    <Config>
      <Option Name="TopAutoSet" Val="TRUE"/>
    </Config>
  </FileSet>
  <Strategy Version="1" Minor="2">
    <StratHandle Name="Vivado Implementation Defaults" Flow="Vivado Implementation 2021"/>
    <Step Id="init_design"/>
    <Step Id="opt_design"/>
    <Step Id="power_opt_design"/>
    <Step Id="place_design"/>
    <Step Id="post_place_power_opt_design"/>
    <Step Id="phys_opt_design"/>
    <Step Id="route_design"/>
    <Step Id="post_route_phys_opt_design"/>
    <Step Id="write_bitstream"/>
    <Step Id="write_device_image"/>
  </Strategy>
</GenRun>
